"","Name","Gender","PurchaseCategories","city_id","city_name","latitude","longitude","state"
"381","Pandhari S.","M","Toys",634,"Navghar","19.34 N","72.90 E","Maharashtra"
"83","Lajwati A.","F","Apparel",929,"Kanpur","26.47 N","80.33 E","Uttar Pradesh"
"290","Shashidhar M.","M","Health",507,"Kunnamkulam","10.65 N","76.08 E","Kerala"
"195","Snehal D.","F","Baby",865,"Viluppuram","11.95 N","79.49 E","Tamil Nadu"
"344","Anasuya B.","F","Sports",632,"Nandurbar","21.38 N","74.23 E","Maharashtra"
"272","Pitambar G.","M","Sports",511,"Neyyattinkara","8.40 N","77.08 E","Kerala"
"92","Surabhi H.","F","Apparel",641,"Phaltan","17.98 N","74.43 E","Maharashtra"
"402","Mahabahu L.","M","Baby",998,"Rishikesh","30.12 N","78.29 E","Uttaranchal"
"476","Dhitha N.","F","Electronics",653,"Shrirampur","19.63 N","74.64 E","Maharashtra"
"319","Revati P.","F","Pantry",827,"Nerkunram","13.04 N","80.26 E","Tamil Nadu"
"283","Jatya R.","M","Beauty",868,"Virudunagar","9.59 N","77.95 E","Tamil Nadu"
"171","Paritosh T.","M","Electronics",959,"Najibabad","29.62 N","78.33 E","Uttar Pradesh"
"130","Rijul V.","M","Electronics",696,"Sunabeda","18.69 N","82.86 E","Orissa"
"81","Kimaya S.","F","Baby",993,"Gola Range","","","Uttaranchal"
"3","Salaman A.","M","Sports",798,"Erode","11.35 N","77.73 E","Tamil Nadu"
"448","Soumya M.","F","Pantry",652,"Sholapur","17.67 N","75.89 E","Maharashtra"
"312","Nishtha D.","F","Electronics",623,"Latur","18.41 N","76.58 E","Maharashtra"
"462","Aditha B.","F","Toys",709,"Firozpur Cantonment","30.95 N","74.60 E","Punjab"
"202","Draupadi G.","F","Sports",593,"Bhiwandi","19.30 N","73.05 E","Maharashtra"
"409","Birbal H.","M","Toys",739,"Bari","26.65 N","77.60 E","Rajasthan"
"460","Padmal L.","F","Toys",747,"Chittaurgarh","24.89 N","74.63 E","Rajasthan"
"166","Bahubali N.","M","Super Market",625,"Malegaon","20.56 N","74.52 E","Maharashtra"
"251","Preetish P.","M","Electronics",735,"Alwar","27.56 N","76.60 E","Rajasthan"
"359","Surama R.","F","Apparel",938,"Lakhimpur","27.95 N","80.78 E","Uttar Pradesh"
"270","Vaibhav T.","M","Baby",902,"Deoria","26.51 N","83.78 E","Uttar Pradesh"
"263","Banbihari V.","M","Electronics",966,"Rae Bareli","26.23 N","81.23 E","Uttar Pradesh"
"183","Paridhi S.","F","Pantry",807,"Karur","10.96 N","78.07 E","Tamil Nadu"
"373","Manikandan A.","M","Super Market",996,"Kashipur","29.22 N","78.96 E","Uttaranchal"
"261","Vardhaman M.","M","Pantry",597,"Buldana","20.54 N","76.18 E","Maharashtra"
"248","Milun D.","M","Sports",720,"Maler Kotla","30.54 N","75.87 E","Punjab"
"461","Rekha B.","F","Toys",739,"Bari","26.65 N","77.60 E","Rajasthan"
"277","Ajinkya G.","M","Baby",537,"Dewas","22.97 N","76.05 E","Madhya Pradesh"
"76","SivaSankari H.","F","Toys",867,"Virudhachalam","11.51 N","79.32 E","Tamil Nadu"
"376","Naresh L.","M","Baby",511,"Neyyattinkara","8.40 N","77.08 E","Kerala"
"459","Manisha N.","F","Toys",958,"Nagina","29.45 N","78.43 E","Uttar Pradesh"
"244","Ilamporai P.","M","Baby",680,"Bhadrak","21.06 N","86.52 E","Orissa"
"444","Vinoda, Vinodini R.","F","Pantry",511,"Neyyattinkara","8.40 N","77.08 E","Kerala"
"283.1","Jatya T.","M","Pantry",870,"Agartala MCl","","","Tripura"
"147","Sumant V.","M","Toys",804,"Kadayanallur","9.08 N","77.35 E","Tamil Nadu"
"110","Anjana S.","F","Toys",664,"Warud","21.47 N","78.27 E","Maharashtra"
"108","Shashirekha A.","F","Apparel",691,"Puri","19.81 N","85.83 E","Orissa"
"384","Archit M.","M","Toys",754,"Ganganagar","29.93 N","73.86 E","Rajasthan"
"453","Tanushri D.","F","Electronics",842,"Sivakasi","9.46 N","77.79 E","Tamil Nadu"
"410","Indrakanta B.","M","Super Market",509,"Manjeri","11.12 N","76.11 E","Kerala"
"252","Trigun G.","M","Baby",943,"Mahoba","25.30 N","79.87 E","Uttar Pradesh"
"360","Asgari H.","F","Super Market",722,"Moga","30.82 N","75.17 E","Punjab"
"320","Nazima L.","F","Toys",993,"Gola Range","","","Uttaranchal"
"177","Amish N.","M","Super Market",514,"Payyannur","12.10 N","75.19 E","Kerala"
"327","Suprabha P.","F","Electronics",581,"Amalner","21.05 N","75.06 E","Maharashtra"
"64","Kamana R.","F","Baby",626,"Malkapur","20.90 N","76.19 E","Maharashtra"
"196","Rajshri T.","F","Apparel",647,"SangliMiraj","16.86 N","74.57 E","Maharashtra"
"15","Dev V.","M","Sports",611,"Hingoli","19.72 N","77.14 E","Maharashtra"
"148","Arka S.","M","Beauty",975,"Shahabad","27.65 N","79.95 E","Uttar Pradesh"
"353","Gauri A.","F","Super Market",744,"Bhiwadi","","","Rajasthan"
"144","Baridbaran M.","M","Health",876,"Aonla","28.28 N","79.15 E","Uttar Pradesh"
"53","Timin D.","M","Toys",776,"Ratangarh","28.09 N","74.60 E","Rajasthan"
"182","Hiranmayi B.","F","Super Market",588,"Baramati","18.15 N","74.58 E","Maharashtra"
"146","Dharmanand G.","M","Health",567,"Seoni","22.10 N","79.55 E","Madhya Pradesh"
"308","Alka H.","F","Pantry",628,"Mira Bhayandar","19.29 N","72.85 E","Maharashtra"
"280","Akshit L.","M","Baby",980,"Sikandarabad","28.44 N","77.69 E","Uttar Pradesh"
"242","Valmiki N.","M","Super Market",853,"Tiruchengode","11.38 N","77.90 E","Tamil Nadu"
"415","Oppilmani P.","M","Sports",783,"Udaipur","24.58 N","73.69 E","Rajasthan"
"159","Kailash R.","M","Health",525,"Balaghat","21.80 N","80.18 E","Madhya Pradesh"
"296","Sanket T.","M","Sports",700,"Abohar","30.14 N","74.20 E","Punjab"
"111","Riju V.","F","Health",722,"Moga","30.82 N","75.17 E","Punjab"
"203","Sarita S.","F","Beauty",837,"Punamalli","13.05 N","80.11 E","Tamil Nadu"
"162","Sitakanta A.","M","Beauty",846,"Thanjavur","10.79 N","79.13 E","Tamil Nadu"
"113","Nileen M.","F","Electronics",912,"Gangoh","29.77 N","77.25 E","Uttar Pradesh"
"417","Harjeet D.","M","Electronics",688,"Kataka","20.47 N","85.88 E","Orissa"
"181","Bageshri B.","F","Toys",939,"Lakhnau","26.85 N","80.92 E","Uttar Pradesh"
"55","Vikramendra G.","M","Toys",850,"Thuthukkudi","8.81 N","78.14 E","Tamil Nadu"
"401","Poornachandra H.","M","Baby",569,"Shajapur","23.43 N","76.27 E","Madhya Pradesh"
"99","Shridula L.","F","Health",839,"Ramanathapuram","9.37 N","78.83 E","Tamil Nadu"
"273","Lokprakash N.","M","Apparel",504,"Kottayam","9.60 N","76.52 E","Kerala"
"405","Parashar P.","M","Beauty",960,"Nawabganj","26.94 N","81.19 E","Uttar Pradesh"
"393","Indushekhar R.","M","Apparel",780,"Sujangarh","27.70 N","74.46 E","Rajasthan"
"216","Amritkala T.","F","Sports",869,"Agartala","23.84 N","91.27 E","Tripura"
"164","Mahish V.","M","Toys",774,"Pali","25.79 N","73.32 E","Rajasthan"
"11","Badriprasad S.","M","Sports",767,"Kuchaman","27.15 N","74.85 E","Rajasthan"
"306","Parameshwari A.","F","Pantry",649,"Shahada","21.55 N","74.47 E","Maharashtra"
"205","Pramada M.","F","Health",940,"Lakhnau Cantonment","26.81 N","80.97 E","Uttar Pradesh"
"384.1","Archit D.","M","Super Market",886,"Bareli","28.36 N","79.41 E","Uttar Pradesh"
"140","Vikram B.","M","Apparel",502,"Kochi","10.02 N","76.22 E","Kerala"
"129","Agnikumara G.","M","Baby",827,"Nerkunram","13.04 N","80.26 E","Tamil Nadu"
"375","Rajesh H.","M","Toys",600,"Chikhli","20.35 N","76.25 E","Maharashtra"
"226","Harshini L.","F","Super Market",923,"Jalaun","26.15 N","79.35 E","Uttar Pradesh"
"169","Shrenik N.","M","Sports",554,"Morena","26.51 N","77.99 E","Madhya Pradesh"
"379","Tarik P.","M","Health",970,"Renukut","24.20 N","83.03 E","Uttar Pradesh"
"456","Sudhamayi R.","F","Sports",735,"Alwar","27.56 N","76.60 E","Rajasthan"
"464","Darshana T.","F","Toys",570,"Sheopur","25.67 N","76.70 E","Madhya Pradesh"
"141","Raza V.","M","Toys",738,"Baran","25.10 N","76.51 E","Rajasthan"
"356","Kanti S.","F","Health",658,"Uran Islampur","17.05 N","74.27 E","Maharashtra"
"367","Rujul A.","M","Pantry",519,"Thrippunithura","9.94 N","76.35 E","Kerala"
"294","Ramkumar M.","M","Sports",832,"Paramakkudi","9.54 N","78.59 E","Tamil Nadu"
"99.1","Shridula D.","F","Super Market",629,"Nagpur","21.16 N","79.08 E","Maharashtra"
"293","Hafiz B.","M","Baby",820,"Mannargudi","10.67 N","79.45 E","Tamil Nadu"
"90","Hema G.","F","Electronics",540,"Guna","24.65 N","77.30 E","Madhya Pradesh"
"275","Bhavesh H.","M","Baby",709,"Firozpur Cantonment","30.95 N","74.60 E","Punjab"
"18","Shubhendu L.","M","Baby",595,"Bid","18.99 N","75.76 E","Maharashtra"
"314","Surya N.","F","Electronics",651,"Shirpur","21.35 N","74.88 E","Maharashtra"
"27","Tamonash P.","M","Pantry",564,"Satna","24.58 N","80.83 E","Madhya Pradesh"
"20","Rajkumar R.","M","Apparel",830,"Pammal","12.97 N","80.11 E","Tamil Nadu"
"226.1","Harshini T.","F","Baby",735,"Alwar","27.56 N","76.60 E","Rajasthan"
"340","Gayatri V.","F","Electronics",762,"Jhunjhunun","28.13 N","75.39 E","Rajasthan"
"226.2","Harshini S.","F","Super Market",592,"Bhandara","21.18 N","79.65 E","Maharashtra"
"397","Parakram A.","M","Super Market",605,"Dhule","20.90 N","74.77 E","Maharashtra"
"426","Suchi M.","F","Apparel",712,"Hoshiarpur","31.53 N","75.91 E","Punjab"
"68","Avani D.","F","Baby",943,"Mahoba","25.30 N","79.87 E","Uttar Pradesh"
"159.1","Kailash B.","M","Health",623,"Latur","18.41 N","76.58 E","Maharashtra"
"202.1","Draupadi G.","F","Apparel",567,"Seoni","22.10 N","79.55 E","Madhya Pradesh"
"380","Shaunak H.","M","Beauty",837,"Punamalli","13.05 N","80.11 E","Tamil Nadu"
"403","Nimish L.","M","Beauty",893,"Biswan","27.50 N","81.00 E","Uttar Pradesh"
"478","Vasumati N.","F","Apparel",516,"Talipparamba","12.03 N","75.36 E","Kerala"
"126","Pulish P.","M","Beauty",861,"Valparai","10.38 N","76.99 E","Tamil Nadu"
"225","Mithra R.","F","Electronics",920,"Hasanpur","28.72 N","78.28 E","Uttar Pradesh"
"470","Revati T.","F","Apparel",721,"Mansa","29.98 N","75.39 E","Punjab"
"336","Maitri V.","F","Super Market",943,"Mahoba","25.30 N","79.87 E","Uttar Pradesh"
"63","Akshaya S.","F","Health",623,"Latur","18.41 N","76.58 E","Maharashtra"
"52","Ahmad A.","M","Pantry",749,"Churu","28.31 N","74.96 E","Rajasthan"
"193","Sudeepa M.","F","Super Market",744,"Bhiwadi","","","Rajasthan"
"211","Keya D.","F","Super Market",713,"Jagraon","30.78 N","75.48 E","Punjab"
"447","Chandrakin B.","F","Super Market",656,"Udgir","18.40 N","77.11 E","Maharashtra"
"11.1","Badriprasad G.","M","Electronics",780,"Sujangarh","27.70 N","74.46 E","Rajasthan"
"356.1","Kanti H.","F","Beauty",998,"Rishikesh","30.12 N","78.29 E","Uttaranchal"
"31","Sampat L.","M","Super Market",890,"Bhadohi","25.40 N","82.56 E","Uttar Pradesh"
"10","Narasimha N.","M","Health",885,"Baraut","29.10 N","77.26 E","Uttar Pradesh"
"163","Rashmil P.","M","Health",634,"Navghar","19.34 N","72.90 E","Maharashtra"
"445","Jayaprada R.","F","Electronics",555,"Murwara","23.85 N","80.39 E","Madhya Pradesh"
"88","Minal T.","F","Super Market",731,"Sirhind","30.65 N","76.38 E","Punjab"
"79","Chhabi V.","F","Super Market",620,"Khopoli","18.78 N","73.33 E","Maharashtra"
"229","Priti S.","F","Pantry",860,"Udumalaipettai","10.58 N","77.24 E","Tamil Nadu"
"398","Anshul A.","M","Electronics",987,"Ujhani","28.02 N","79.02 E","Uttar Pradesh"
"98","Eshita M.","F","Super Market",716,"Khanna","30.71 N","76.21 E","Punjab"
"40","Premal D.","M","Sports",663,"Wardha","20.75 N","78.60 E","Maharashtra"
"85","Malati B.","F","Baby",788,"Arani","12.68 N","79.28 E","Tamil Nadu"
"279","Jihan G.","M","Pantry",643,"Pune","18.53 N","73.84 E","Maharashtra"
"103","Joshita H.","F","Super Market",867,"Virudhachalam","11.51 N","79.32 E","Tamil Nadu"
"374","Yahyaa L.","M","Super Market",941,"Lalitpur","24.70 N","78.41 E","Uttar Pradesh"
"310","Samidha N.","F","Baby",872,"Agra","27.19 N","78.01 E","Uttar Pradesh"
"343","Medha P.","F","Baby",818,"Madurai","9.92 N","78.12 E","Tamil Nadu"
"393.1","Indushekhar R.","M","Sports",558,"Pithampur","","","Madhya Pradesh"
"23","Bhajan T.","M","Health",547,"Jabalpur Cantonment","23.16 N","79.95 E","Madhya Pradesh"
"301","Sudipta V.","F","Pantry",682,"Bhubaneswar","20.27 N","85.84 E","Orissa"
"4","Ranjan S.","M","Toys",651,"Shirpur","21.35 N","74.88 E","Maharashtra"
"455","Jeevana A.","F","Baby",828,"Neyveli","11.62 N","79.48 E","Tamil Nadu"
"168","Vrajakishore M.","M","Pantry",728,"Rupnagar","30.98 N","76.52 E","Punjab"
"86","Sadhan D.","F","Sports",744,"Bhiwadi","","","Rajasthan"
"56","Chiman B.","M","Baby",1000,"Rurki","29.87 N","77.89 E","Uttaranchal"
"89","Hasumati G.","F","Health",718,"Ludhiana","30.91 N","75.84 E","Punjab"
"300","Amitrasudan H.","M","Pantry",709,"Firozpur Cantonment","30.95 N","74.60 E","Punjab"
"359.1","Surama L.","F","Apparel",821,"Mayiladuthurai","11.11 N","79.65 E","Tamil Nadu"
"374.1","Yahyaa N.","M","Beauty",971,"Saharanpur","29.97 N","77.54 E","Uttar Pradesh"
"175","Vikramaditya P.","M","Health",555,"Murwara","23.85 N","80.39 E","Madhya Pradesh"
"191","Sajni R.","F","Beauty",510,"Nedumangad","8.61 N","77.00 E","Kerala"
"313","Amani T.","F","Pantry",844,"Tambaram","12.93 N","80.12 E","Tamil Nadu"
"442","Anchal V.","F","Sports",629,"Nagpur","21.16 N","79.08 E","Maharashtra"
"88.1","Minal S.","F","Health",957,"Muzaffarnagar","29.48 N","77.69 E","Uttar Pradesh"
"340.1","Gayatri A.","F","Apparel",578,"Ahmadnagar","19.10 N","74.74 E","Maharashtra"
"94","Gulab M.","F","Sports",723,"Mohali","30.78 N","76.69 E","Punjab"
"182.1","Hiranmayi D.","F","Sports",882,"Ballia","25.76 N","84.15 E","Uttar Pradesh"
"432","Hiral B.","F","Pantry",696,"Sunabeda","18.69 N","82.86 E","Orissa"
"464.1","Darshana G.","F","Health",520,"Thrissur","10.52 N","76.21 E","Kerala"
"391","Debashis H.","M","Pantry",879,"Azamgarh","26.07 N","83.18 E","Uttar Pradesh"
"102","Shalaka L.","F","Pantry",998,"Rishikesh","30.12 N","78.29 E","Uttaranchal"
"23.1","Bhajan N.","M","Electronics",905,"Faizabad","26.78 N","82.14 E","Uttar Pradesh"
"293.1","Hafiz P.","M","Pantry",965,"Pilkhuwa","28.72 N","77.65 E","Uttar Pradesh"
"87","Manimala R.","F","Super Market",729,"Samana","30.15 N","76.20 E","Punjab"
"23.2","Bhajan T.","M","Apparel",625,"Malegaon","20.56 N","74.52 E","Maharashtra"
"310.1","Samidha V.","F","Baby",628,"Mira Bhayandar","19.29 N","72.85 E","Maharashtra"
"441","Disha S.","F","Apparel",604,"Deolali","19.95 N","73.84 E","Maharashtra"
"44","Ilandevan A.","M","Sports",881,"Bahraich","27.58 N","81.59 E","Uttar Pradesh"
"168.1","Vrajakishore M.","M","Toys",645,"Pusad","19.91 N","77.57 E","Maharashtra"
"314.1","Surya D.","F","Sports",623,"Latur","18.41 N","76.58 E","Maharashtra"
"332","Chitramaya B.","F","Beauty",568,"Shahdol","23.30 N","81.36 E","Madhya Pradesh"
"285","Gourishankar G.","M","Pantry",751,"Dhaulpur","26.70 N","77.87 E","Rajasthan"
"403.1","Nimish H.","M","Health",806,"Kanchipuram","12.84 N","79.70 E","Tamil Nadu"
"471","Saphala L.","F","Electronics",864,"Velluru","12.92 N","79.13 E","Tamil Nadu"
"138","Upagupta N.","M","Toys",543,"Hoshangabad","22.75 N","77.71 E","Madhya Pradesh"
"387","Japesh P.","M","Sports",663,"Wardha","20.75 N","78.60 E","Maharashtra"
"348","Shruti R.","F","Apparel",744,"Bhiwadi","","","Rajasthan"
"388","Jnyandeep T.","M","Pantry",824,"Nagapattinam","10.80 N","79.84 E","Tamil Nadu"
"166.1","Bahubali V.","M","Pantry",999,"Rudrapur","","","Uttaranchal"
"235","Ganda S.","F","Toys",532,"Chhatarpur","24.92 N","79.58 E","Madhya Pradesh"
"211.1","Keya A.","F","Baby",893,"Biswan","27.50 N","81.00 E","Uttar Pradesh"
"277.1","Ajinkya M.","M","Electronics",764,"Karauli","26.50 N","77.02 E","Rajasthan"
"459.1","Manisha D.","F","Apparel",738,"Baran","25.10 N","76.51 E","Rajasthan"
"394","Arivunambi B.","M","Sports",734,"Ajmer","26.45 N","74.64 E","Rajasthan"
"129.1","Agnikumara G.","M","Pantry",729,"Samana","30.15 N","76.20 E","Punjab"
"92.1","Surabhi H.","F","Super Market",604,"Deolali","19.95 N","73.84 E","Maharashtra"
"434","Umrao L.","F","Super Market",755,"Gangapur","26.47 N","76.72 E","Rajasthan"
"259","Chidananda N.","M","Apparel",574,"Tikamgarh","24.74 N","78.83 E","Madhya Pradesh"
"430","Ekisha P.","F","Pantry",907,"Farrukhabad","27.40 N","79.57 E","Uttar Pradesh"
"374.2","Yahyaa R.","M","Toys",989,"Varanasi","25.32 N","83.01 E","Uttar Pradesh"
"169.1","Shrenik T.","M","Beauty",618,"Khadki","18.57 N","73.83 E","Maharashtra"
"408","Devadarshan V.","M","Toys",655,"Thana","19.20 N","72.97 E","Maharashtra"
"277.2","Ajinkya S.","M","Health",569,"Shajapur","23.43 N","76.27 E","Madhya Pradesh"
"422","Saroja A.","F","Super Market",976,"Shahjahanpur","27.88 N","79.90 E","Uttar Pradesh"
"195.1","Snehal M.","F","Toys",654,"Sillod","20.30 N","75.65 E","Maharashtra"
"111.1","Riju D.","F","Sports",609,"Gondiya","21.47 N","80.20 E","Maharashtra"
"331","Kakali B.","F","Pantry",823,"Mettur","11.80 N","77.80 E","Tamil Nadu"
"235.1","Ganda G.","F","Apparel",945,"Mathura","27.50 N","77.68 E","Uttar Pradesh"
"191.1","Sajni H.","F","Baby",872,"Agra","27.19 N","78.01 E","Uttar Pradesh"
"118","Anuva L.","F","Pantry",700,"Abohar","30.14 N","74.20 E","Punjab"
"312.1","Nishtha N.","F","Electronics",810,"Koyampattur","11.01 N","76.96 E","Tamil Nadu"
"99.2","Shridula P.","F","Super Market",922,"Jahangirabad","28.42 N","78.10 E","Uttar Pradesh"
"245","Latif R.","M","Super Market",921,"Hathras","27.60 N","78.04 E","Uttar Pradesh"
"191.2","Sajni T.","F","Apparel",828,"Neyveli","11.62 N","79.48 E","Tamil Nadu"
"324","Chayana V.","F","Baby",969,"Rath","25.58 N","79.57 E","Uttar Pradesh"
"468","Anokhi S.","F","Apparel",938,"Lakhimpur","27.95 N","80.78 E","Uttar Pradesh"
"383","Aditya A.","M","Health",758,"Jaipur","26.92 N","75.80 E","Rajasthan"
"263.1","Banbihari M.","M","Baby",625,"Malegaon","20.56 N","74.52 E","Maharashtra"
"54","Shivesh D.","M","Electronics",819,"Maduravoyal","","","Tamil Nadu"
"252.1","Trigun B.","M","Pantry",646,"Ratnagiri","17.00 N","73.29 E","Maharashtra"
"31.1","Sampat G.","M","Health",763,"Jodhpur","26.29 N","73.02 E","Rajasthan"
"172","Moti H.","M","Health",595,"Bid","18.99 N","75.76 E","Maharashtra"
"92.2","Surabhi L.","F","Electronics",820,"Mannargudi","10.67 N","79.45 E","Tamil Nadu"
"179","Ambarish N.","M","Sports",806,"Kanchipuram","12.84 N","79.70 E","Tamil Nadu"
"453.1","Tanushri P.","F","Baby",959,"Najibabad","29.62 N","78.33 E","Uttar Pradesh"
"147.1","Sumant R.","M","Toys",760,"Jalor","25.35 N","72.62 E","Rajasthan"
"407","Nityananda T.","M","Pantry",594,"Bhusawal","21.05 N","75.78 E","Maharashtra"
"445.1","Jayaprada V.","F","Sports",605,"Dhule","20.90 N","74.77 E","Maharashtra"
"220","Shatarupa S.","F","Sports",822,"Mettupalayam","11.30 N","76.94 E","Tamil Nadu"
"104","Arpana A.","F","Pantry",629,"Nagpur","21.16 N","79.08 E","Maharashtra"
"311","Aruna M.","F","Electronics",787,"Arakonam","13.08 N","79.67 E","Tamil Nadu"
"454","Manideepa D.","F","Baby",989,"Varanasi","25.32 N","83.01 E","Uttar Pradesh"
"336.1","Maitri B.","F","Electronics",977,"Shamli","29.46 N","77.31 E","Uttar Pradesh"
"406","Namdev G.","M","Toys",887,"Basti","26.80 N","82.74 E","Uttar Pradesh"
"264","Kriday H.","M","Baby",937,"Laharpur","27.72 N","80.90 E","Uttar Pradesh"
"343.1","Medha L.","F","Electronics",566,"Sendhwa","21.68 N","75.10 E","Madhya Pradesh"
"8","Nirmohi N.","M","Beauty",808,"Kavundampalaiyam","11.05 N","76.92 E","Tamil Nadu"
"465","Lipi P.","F","Sports",860,"Udumalaipettai","10.58 N","77.24 E","Tamil Nadu"
"352","Inayat R.","F","Baby",893,"Biswan","27.50 N","81.00 E","Uttar Pradesh"
"136","Jeevan T.","M","Apparel",537,"Dewas","22.97 N","76.05 E","Madhya Pradesh"
"123","Chellamuthu V.","M","Electronics",879,"Azamgarh","26.07 N","83.18 E","Uttar Pradesh"
"278","Mangal S.","M","Beauty",907,"Farrukhabad","27.40 N","79.57 E","Uttar Pradesh"
"184","Ishita A.","F","Baby",827,"Nerkunram","13.04 N","80.26 E","Tamil Nadu"
"324.1","Chayana M.","F","Health",534,"Dabra","25.90 N","78.33 E","Madhya Pradesh"
"431","Pratishtha D.","F","Toys",948,"Mawana","29.11 N","77.91 E","Uttar Pradesh"
"239","Chumban B.","F","Health",974,"Sandila","27.08 N","80.52 E","Uttar Pradesh"
"391.1","Debashis G.","M","Baby",588,"Baramati","18.15 N","74.58 E","Maharashtra"
"271","Pujit H.","M","Toys",846,"Thanjavur","10.79 N","79.13 E","Tamil Nadu"
"337","Suraksha L.","F","Baby",606,"Digdoh","","","Maharashtra"
"106","Abhaya N.","F","Sports",864,"Velluru","12.92 N","79.13 E","Tamil Nadu"
"479","Lakshana P.","F","Electronics",949,"Mirat","28.99 N","77.70 E","Uttar Pradesh"
"404","Tuhinsurra R.","M","Health",887,"Basti","26.80 N","82.74 E","Uttar Pradesh"
"5","Saeed T.","M","Sports",526,"Basoda","23.85 N","77.93 E","Madhya Pradesh"
"328","Avani V.","F","Health",942,"Loni","28.75 N","77.28 E","Uttar Pradesh"
"217","Triya S.","F","Health",607,"Diglur","18.55 N","77.60 E","Maharashtra"
"385","Prakat A.","M","Electronics",805,"Kambam","9.74 N","77.28 E","Tamil Nadu"
"210","Kallol M.","F","Sports",714,"Jalandhar","31.33 N","75.57 E","Punjab"
"252.2","Trigun D.","M","Electronics",682,"Bhubaneswar","20.27 N","85.84 E","Orissa"
"434.1","Umrao B.","F","Apparel",771,"Nawalgarh","27.85 N","75.27 E","Rajasthan"
"253","Joginder G.","M","Baby",955,"Mughal Sarai","25.30 N","83.12 E","Uttar Pradesh"
"196.1","Rajshri H.","F","Toys",851,"Tindivanam","12.24 N","79.65 E","Tamil Nadu"
"207","Hatisha L.","F","Super Market",696,"Sunabeda","18.69 N","82.86 E","Orissa"
"137","Kamlesh N.","M","Baby",549,"Khandwa","21.83 N","76.35 E","Madhya Pradesh"
"74","Renuka P.","F","Electronics",724,"Pathankot","32.27 N","75.64 E","Punjab"
"431.1","Pratishtha R.","F","Super Market",829,"Pallavaram","12.99 N","80.16 E","Tamil Nadu"
"49","Alamgir T.","M","Super Market",837,"Punamalli","13.05 N","80.11 E","Tamil Nadu"
"322","Saranya V.","F","Baby",547,"Jabalpur Cantonment","23.16 N","79.95 E","Madhya Pradesh"
"73","Revati S.","F","Sports",653,"Shrirampur","19.63 N","74.64 E","Maharashtra"
"294.1","Ramkumar A.","M","Baby",658,"Uran Islampur","17.05 N","74.27 E","Maharashtra"
"147.2","Sumant M.","M","Pantry",750,"Daosa","26.88 N","76.33 E","Rajasthan"
"187","Foolwati D.","F","Electronics",749,"Churu","28.31 N","74.96 E","Rajasthan"
"133","Varij B.","M","Super Market",858,"Tiruvottiyur","13.16 N","80.29 E","Tamil Nadu"
"57","Nirav G.","M","Electronics",550,"Khargone","21.83 N","75.60 E","Madhya Pradesh"
"249","Sagar H.","M","Apparel",785,"Ambattur","13.11 N","80.17 E","Tamil Nadu"
"130.1","Rijul L.","M","Sports",653,"Shrirampur","19.63 N","74.64 E","Maharashtra"
"467","Markandeya N.","F","Baby",590,"Basmat","19.32 N","77.17 E","Maharashtra"
"222","Niloufer P.","F","Health",740,"Barmer","25.75 N","71.39 E","Rajasthan"
"250","Karunamay R.","M","Health",753,"Fatehpur","27.99 N","74.95 E","Rajasthan"
"266","Sadanand T.","M","Electronics",927,"Kairana","29.40 N","77.20 E","Uttar Pradesh"
"155","Samvath V.","M","Pantry",531,"Burhanpur","21.33 N","76.22 E","Madhya Pradesh"
"194","Sristi S.","F","Electronics",745,"Bikaner","28.03 N","73.32 E","Rajasthan"
"259.1","Chidananda A.","M","Pantry",742,"Bharatpur","27.23 N","77.49 E","Rajasthan"
"297","Manjeet M.","M","Beauty",760,"Jalor","25.35 N","72.62 E","Rajasthan"
"175.1","Vikramaditya D.","M","Toys",868,"Virudunagar","9.59 N","77.95 E","Tamil Nadu"
"451","Hemangini B.","F","Beauty",711,"Gurdaspur","32.04 N","75.40 E","Punjab"
"180","Basavaraj G.","M","Health",920,"Hasanpur","28.72 N","78.28 E","Uttar Pradesh"
"73.1","Revati H.","F","Apparel",520,"Thrissur","10.52 N","76.21 E","Kerala"
"164.1","Mahish L.","M","Beauty",774,"Pali","25.79 N","73.32 E","Rajasthan"
"354","Disha N.","F","Baby",883,"Balrampur","27.43 N","82.18 E","Uttar Pradesh"
"233","Pingala P.","F","Apparel",889,"Bela","25.92 N","81.99 E","Uttar Pradesh"
"97","Sonam R.","F","Health",679,"Baripada","21.95 N","86.73 E","Orissa"
"96","Hradha T.","F","Super Market",699,"Pondicherry","11.94 N","79.83 E","Pondicherry"
"109","Alisha V.","F","Beauty",765,"Kishangarh","26.58 N","74.86 E","Rajasthan"
"196.2","Rajshri S.","F","Baby",739,"Bari","26.65 N","77.60 E","Rajasthan"
"231","Seemanti A.","F","Sports",824,"Nagapattinam","10.80 N","79.84 E","Tamil Nadu"
"39","Namdev M.","M","Toys",665,"Washim","20.10 N","77.13 E","Maharashtra"
"220.1","Shatarupa D.","F","Apparel",980,"Sikandarabad","28.44 N","77.69 E","Uttar Pradesh"
"122","Tyagraja B.","M","Health",559,"Raghogarh","24.45 N","77.20 E","Madhya Pradesh"
"19","Maniram G.","M","Sports",672,"Dimapur","25.92 N","93.73 E","Nagaland"
"224","Aishwarya H.","F","Electronics",856,"Tiruppur","11.09 N","77.35 E","Tamil Nadu"
"368","Krishnaroop L.","M","Health",535,"Damoh","23.85 N","79.44 E","Madhya Pradesh"
"279.1","Jihan N.","M","Sports",839,"Ramanathapuram","9.37 N","78.83 E","Tamil Nadu"
"55.1","Vikramendra P.","M","Beauty",975,"Shahabad","27.65 N","79.95 E","Uttar Pradesh"
"100","Neelanjana R.","F","Health",682,"Bhubaneswar","20.27 N","85.84 E","Orissa"
"181.1","Bageshri T.","F","Electronics",644,"Pune Cantonment","18.50 N","73.88 E","Maharashtra"
"163.1","Rashmil V.","M","Apparel",561,"Rewa","24.53 N","81.29 E","Madhya Pradesh"
"356.2","Kanti S.","F","Sports",688,"Kataka","20.47 N","85.88 E","Orissa"
"453.2","Tanushri A.","F","Toys",619,"Khamgaon","20.70 N","76.56 E","Maharashtra"
"444.1","Vinoda, Vinodini M.","F","Baby",982,"Sukhmalpur Nizamabad","","","Uttar Pradesh"
"175.2","Vikramaditya D.","M","Electronics",958,"Nagina","29.45 N","78.43 E","Uttar Pradesh"
"366","Bahuleya B.","M","Pantry",942,"Loni","28.75 N","77.28 E","Uttar Pradesh"
"64.1","Kamana G.","F","Apparel",722,"Moga","30.82 N","75.17 E","Punjab"
"305","Mayukhi H.","F","Toys",792,"Avaniapuram","9.86 N","78.12 E","Tamil Nadu"
"137.1","Kamlesh L.","M","Beauty",833,"Pattukkottai","10.43 N","79.31 E","Tamil Nadu"
"471.1","Saphala N.","F","Super Market",924,"Jaunpur","25.76 N","82.69 E","Uttar Pradesh"
"98.1","Eshita P.","F","Pantry",919,"Hardoi","27.42 N","80.12 E","Uttar Pradesh"
"48","Vilas R.","M","Electronics",836,"Puliyankudi","9.18 N","77.40 E","Tamil Nadu"
"255","Bhanudas T.","M","Sports",903,"Etah","27.57 N","78.64 E","Uttar Pradesh"
"449","Radha V.","F","Pantry",788,"Arani","12.68 N","79.28 E","Tamil Nadu"
"244.1","Ilamporai S.","M","Electronics",666,"Yavatmal","20.41 N","78.13 E","Maharashtra"
"13","Niranjan A.","M","Super Market",524,"Ashoknagar","24.57 N","77.72 E","Madhya Pradesh"
"44.1","Ilandevan M.","M","Sports",674,"Wokha","26.10 N","94.27 E","Nagaland"
"228","Chitrali D.","F","Super Market",719,"Malaut","30.23 N","74.48 E","Punjab"
"95","Jaladhija B.","F","Electronics",972,"Sahaswan","28.08 N","78.74 E","Uttar Pradesh"
"402.1","Mahabahu G.","M","Pantry",599,"Chandrapur","19.96 N","79.30 E","Maharashtra"
"254","Nipun H.","M","Pantry",757,"Hindaun","26.74 N","77.02 E","Rajasthan"
"146.1","Dharmanand L.","M","Pantry",596,"Mumbai","18.96 N","72.82 E","Maharashtra"
"112","Ranita N.","F","Electronics",988,"Unnao","26.55 N","80.49 E","Uttar Pradesh"
"456.1","Sudhamayi P.","F","Health",939,"Lakhnau","26.85 N","80.92 E","Uttar Pradesh"
"90.1","Hema R.","F","Pantry",757,"Hindaun","26.74 N","77.02 E","Rajasthan"
"473","Arundhati T.","F","Apparel",851,"Tindivanam","12.24 N","79.65 E","Tamil Nadu"
"280.1","Akshit V.","M","Super Market",731,"Sirhind","30.65 N","76.38 E","Punjab"
"446","Madhushri S.","F","Toys",591,"Bhadravati","20.11 N","79.12 E","Maharashtra"
"451.1","Hemangini A.","F","Apparel",516,"Talipparamba","12.03 N","75.36 E","Kerala"
"381.1","Pandhari M.","M","Toys",989,"Varanasi","25.32 N","83.01 E","Uttar Pradesh"
"81.1","Kimaya D.","F","Toys",603,"Dahanu","19.97 N","72.73 E","Maharashtra"
"172.1","Moti B.","M","Apparel",823,"Mettur","11.80 N","77.80 E","Tamil Nadu"
"47","Prakash G.","M","Super Market",765,"Kishangarh","26.58 N","74.86 E","Rajasthan"
"67","Rupashi H.","F","Electronics",622,"Kopargaon","19.88 N","74.48 E","Maharashtra"
"205.1","Pramada L.","F","Baby",810,"Koyampattur","11.01 N","76.96 E","Tamil Nadu"
"85.1","Malati N.","F","Beauty",987,"Ujhani","28.02 N","79.02 E","Uttar Pradesh"
"240","Komala P.","F","Pantry",929,"Kanpur","26.47 N","80.33 E","Uttar Pradesh"
"66","Pallavini R.","F","Apparel",508,"Malappuram","11.07 N","76.06 E","Kerala"
"421","Jalela T.","F","Super Market",910,"Gajraula","28.85 N","78.23 E","Uttar Pradesh"
"403.2","Nimish V.","M","Apparel",684,"Brajrajnagar","21.82 N","83.91 E","Orissa"
"83.1","Lajwati S.","F","Toys",900,"Dadri","28.57 N","77.55 E","Uttar Pradesh"
"35","Suyash A.","M","Pantry",825,"Nagercoil","8.18 N","77.43 E","Tamil Nadu"
"306.1","Parameshwari M.","F","Sports",821,"Mayiladuthurai","11.11 N","79.65 E","Tamil Nadu"
"191.3","Sajni D.","F","Beauty",661,"Wadi","","","Maharashtra"
"384.2","Archit B.","M","Electronics",863,"Velampalaiyam","","","Tamil Nadu"
"169.2","Shrenik G.","M","Baby",603,"Dahanu","19.97 N","72.73 E","Maharashtra"
"206","Ashoka H.","F","Sports",729,"Samana","30.15 N","76.20 E","Punjab"
"391.2","Debashis L.","M","Health",760,"Jalor","25.35 N","72.62 E","Rajasthan"
"178","Tariq N.","M","Electronics",958,"Nagina","29.45 N","78.43 E","Uttar Pradesh"
"21","Sayam P.","M","Health",980,"Sikandarabad","28.44 N","77.69 E","Uttar Pradesh"
"354.1","Disha R.","F","Beauty",675,"Balangir","20.71 N","83.50 E","Orissa"
"1","Gulab T.","M","Health",981,"Sitapur","27.57 N","80.69 E","Uttar Pradesh"
"478.1","Vasumati V.","F","Sports",773,"Nokha","27.60 N","73.42 E","Rajasthan"
"88.2","Minal S.","F","Toys",519,"Thrippunithura","9.94 N","76.35 E","Kerala"
"101","Shankhamala A.","F","Health",682,"Bhubaneswar","20.27 N","85.84 E","Orissa"
"348.1","Shruti M.","F","Electronics",868,"Virudunagar","9.59 N","77.95 E","Tamil Nadu"
"445.2","Jayaprada D.","F","Baby",604,"Deolali","19.95 N","73.84 E","Maharashtra"
"150","Jaidayal B.","M","Sports",797,"Dindigul","10.36 N","77.97 E","Tamil Nadu"
"62","Shaila G.","F","Apparel",761,"Jhalawar","24.60 N","76.15 E","Rajasthan"
"453.3","Tanushri H.","F","Pantry",669,"Tura","25.52 N","90.22 E","Meghalaya"
"437","Narois L.","F","Electronics",625,"Malegaon","20.56 N","74.52 E","Maharashtra"
"127","Atiya N.","M","Sports",958,"Nagina","29.45 N","78.43 E","Uttar Pradesh"
"116","Jagrati P.","F","Apparel",592,"Bhandara","21.18 N","79.65 E","Maharashtra"
"433","Sankul R.","F","Baby",992,"Dehra Dun Cantonment","30.34 N","77.97 E","Uttaranchal"
"167","Bandhu T.","M","Sports",999,"Rudrapur","","","Uttaranchal"
"103.1","Joshita V.","F","Super Market",770,"Nagaur","27.21 N","73.73 E","Rajasthan"
"446.1","Madhushri S.","F","Sports",897,"Chandpur","29.14 N","78.27 E","Uttar Pradesh"
"228.1","Chitrali A.","F","Toys",885,"Baraut","29.10 N","77.26 E","Uttar Pradesh"
"160","Kishore M.","M","Baby",861,"Valparai","10.38 N","76.99 E","Tamil Nadu"
"394.1","Arivunambi D.","M","Toys",745,"Bikaner","28.03 N","73.32 E","Rajasthan"
"315","Nartan B.","F","Baby",680,"Bhadrak","21.06 N","86.52 E","Orissa"
"332.1","Chitramaya G.","F","Apparel",860,"Udumalaipettai","10.58 N","77.24 E","Tamil Nadu"
"264.1","Kriday H.","M","Toys",909,"Firozabad","27.15 N","78.39 E","Uttar Pradesh"
"216.1","Amritkala L.","F","Toys",550,"Khargone","21.83 N","75.60 E","Madhya Pradesh"
"222.1","Niloufer N.","F","Sports",605,"Dhule","20.90 N","74.77 E","Maharashtra"
"8.1","Nirmohi P.","M","Apparel",705,"Dhuri","30.37 N","75.87 E","Punjab"
"393.2","Indushekhar R.","M","Pantry",912,"Gangoh","29.77 N","77.25 E","Uttar Pradesh"
"1.1","Gulab T.","M","Toys",982,"Sukhmalpur Nizamabad","","","Uttar Pradesh"
"333","Yogini V.","F","Health",580,"Akot","21.10 N","77.05 E","Maharashtra"
"200","Saraswati S.","F","Super Market",600,"Chikhli","20.35 N","76.25 E","Maharashtra"
"16","Ishan A.","M","Sports",568,"Shahdol","23.30 N","81.36 E","Madhya Pradesh"
"27.1","Tamonash M.","M","Pantry",916,"Gonda","27.14 N","81.95 E","Uttar Pradesh"
"47.1","Prakash D.","M","Super Market",746,"Bundi","25.45 N","75.63 E","Rajasthan"
"449.1","Radha B.","F","Apparel",564,"Satna","24.58 N","80.83 E","Madhya Pradesh"
"422.1","Saroja G.","F","Beauty",772,"Nimbahera","24.62 N","74.68 E","Rajasthan"
"433.1","Sankul H.","F","Sports",986,"Tundla","27.20 N","78.28 E","Uttar Pradesh"
"463","Chatura L.","F","Health",943,"Mahoba","25.30 N","79.87 E","Uttar Pradesh"
"30","Savar N.","M","Sports",591,"Bhadravati","20.11 N","79.12 E","Maharashtra"
"71","Pushpa P.","F","Pantry",846,"Thanjavur","10.79 N","79.13 E","Tamil Nadu"
"153","Sagar R.","M","Beauty",796,"Dharmapuri","12.13 N","78.16 E","Tamil Nadu"
"314.2","Surya T.","F","Beauty",652,"Sholapur","17.67 N","75.89 E","Maharashtra"
"244.2","Ilamporai V.","M","Super Market",930,"Kanpur Cantonment","26.50 N","80.28 E","Uttar Pradesh"
"325","Mukulita S.","F","Toys",902,"Deoria","26.51 N","83.78 E","Uttar Pradesh"
"117","Indrasena A.","F","Sports",523,"Vadakara","11.61 N","75.58 E","Kerala"
"110.1","Anjana M.","F","Apparel",927,"Kairana","29.40 N","77.20 E","Uttar Pradesh"
"473.1","Arundhati D.","F","Sports",900,"Dadri","28.57 N","77.55 E","Uttar Pradesh"
"71.1","Pushpa B.","F","Electronics",873,"Aligarh","27.89 N","78.06 E","Uttar Pradesh"
"296.1","Sanket G.","M","Baby",970,"Renukut","24.20 N","83.03 E","Uttar Pradesh"
"400","Vithala, Vitthal H.","M","Electronics",885,"Baraut","29.10 N","77.26 E","Uttar Pradesh"
"312.2","Nishtha L.","F","Baby",831,"Pannuratti","11.78 N","79.55 E","Tamil Nadu"
"37","Shiromani N.","M","Toys",993,"Gola Range","","","Uttaranchal"
"33","Maharath P.","M","Health",861,"Valparai","10.38 N","76.99 E","Tamil Nadu"
"161","Ajinkya R.","M","Beauty",979,"Shikohabad","27.12 N","78.58 E","Uttar Pradesh"
"250.1","Karunamay T.","M","Super Market",588,"Baramati","18.15 N","74.58 E","Maharashtra"
"30.1","Savar V.","M","Pantry",686,"Jaypur","18.86 N","82.56 E","Orissa"
"457","Yogini S.","F","Apparel",566,"Sendhwa","21.68 N","75.10 E","Madhya Pradesh"
"373.1","Manikandan A.","M","Beauty",625,"Malegaon","20.56 N","74.52 E","Maharashtra"
"39.1","Namdev M.","M","Beauty",711,"Gurdaspur","32.04 N","75.40 E","Punjab"
"163.2","Rashmil D.","M","Electronics",826,"Namakkal","11.23 N","78.17 E","Tamil Nadu"
"188","Seerat B.","F","Baby",556,"Nagda","23.46 N","75.42 E","Madhya Pradesh"
"246","Sankarshan G.","M","Toys",712,"Hoshiarpur","31.53 N","75.91 E","Punjab"
"48.1","Vilas H.","M","Apparel",544,"Indore","22.72 N","75.86 E","Madhya Pradesh"
"127.1","Atiya L.","M","Super Market",666,"Yavatmal","20.41 N","78.13 E","Maharashtra"
"328.1","Avani N.","F","Health",630,"Nalasopara","19.43 N","72.78 E","Maharashtra"
"352.1","Inayat P.","F","Electronics",660,"Virar","19.47 N","72.79 E","Maharashtra"
"365","Balram R.","M","Electronics",907,"Farrukhabad","27.40 N","79.57 E","Uttar Pradesh"
"334","Prita T.","F","Baby",612,"Ichalkaranji","16.69 N","74.46 E","Maharashtra"
"134","Taranga V.","M","Health",612,"Ichalkaranji","16.69 N","74.46 E","Maharashtra"
"415.1","Oppilmani S.","M","Baby",536,"Datia","25.67 N","78.45 E","Madhya Pradesh"
"420","Chandrakiran A.","M","Toys",588,"Baramati","18.15 N","74.58 E","Maharashtra"
"49.1","Alamgir M.","M","Toys",790,"Attur","11.60 N","78.60 E","Tamil Nadu"
"207.1","Hatisha D.","F","Apparel",749,"Churu","28.31 N","74.96 E","Rajasthan"
"223","Smrita B.","F","Sports",780,"Sujangarh","27.70 N","74.46 E","Rajasthan"
"332.2","Chitramaya G.","F","Pantry",628,"Mira Bhayandar","19.29 N","72.85 E","Maharashtra"
"446.2","Madhushri H.","F","Sports",887,"Basti","26.80 N","82.74 E","Uttar Pradesh"
"354.2","Disha L.","F","Super Market",888,"Behta Hajipur","","","Uttar Pradesh"
"186","Ananya N.","F","Health",823,"Mettur","11.80 N","77.80 E","Tamil Nadu"
"375.1","Rajesh P.","M","Electronics",971,"Saharanpur","29.97 N","77.54 E","Uttar Pradesh"
"56.1","Chiman R.","M","Beauty",978,"Sherkot","29.35 N","78.58 E","Uttar Pradesh"
"268","Kedarnath T.","M","Toys",529,"Bhopal","23.24 N","77.40 E","Madhya Pradesh"
"157","Yatindra V.","M","Health",933,"Khora","","","Uttar Pradesh"
"352.2","Inayat S.","F","Super Market",548,"Jaora","23.64 N","75.11 E","Madhya Pradesh"
"180.1","Basavaraj A.","M","Baby",827,"Nerkunram","13.04 N","80.26 E","Tamil Nadu"
"223.1","Smrita M.","F","Toys",752,"Didwana","27.39 N","74.57 E","Rajasthan"
"112.1","Ranita D.","F","Sports",696,"Sunabeda","18.69 N","82.86 E","Orissa"
"20.1","Rajkumar B.","M","Super Market",770,"Nagaur","27.21 N","73.73 E","Rajasthan"
"91","Indumukhi G.","F","Super Market",733,"Tarn Taran","31.45 N","74.92 E","Punjab"
"45","Shamindra H.","M","Electronics",563,"Sarni","22.04 N","78.27 E","Madhya Pradesh"
"320.1","Nazima L.","F","Baby",724,"Pathankot","32.27 N","75.64 E","Punjab"
"96.1","Hradha N.","F","Electronics",952,"Modinagar","28.92 N","77.62 E","Uttar Pradesh"
"16.1","Ishan P.","M","Baby",867,"Virudhachalam","11.51 N","79.32 E","Tamil Nadu"
"238","Nimisha R.","F","Super Market",889,"Bela","25.92 N","81.99 E","Uttar Pradesh"
"147.3","Sumant T.","M","Beauty",617,"Karanja","20.48 N","77.48 E","Maharashtra"
"75","Ihina V.","F","Health",943,"Mahoba","25.30 N","79.87 E","Uttar Pradesh"
"421.1","Jalela S.","F","Pantry",514,"Payyannur","12.10 N","75.19 E","Kerala"
"388.1","Jnyandeep A.","M","Sports",696,"Sunabeda","18.69 N","82.86 E","Orissa"
"235.2","Ganda M.","F","Beauty",952,"Modinagar","28.92 N","77.62 E","Uttar Pradesh"
"416","Chaitanya D.","M","Pantry",708,"Firozpur","30.92 N","74.61 E","Punjab"
"305.1","Mayukhi B.","F","Sports",757,"Hindaun","26.74 N","77.02 E","Rajasthan"
"127.2","Atiya G.","M","Super Market",916,"Gonda","27.14 N","81.95 E","Uttar Pradesh"
"78","Sarvika H.","F","Toys",960,"Nawabganj","26.94 N","81.19 E","Uttar Pradesh"
"215","Manasvi L.","F","Baby",952,"Modinagar","28.92 N","77.62 E","Uttar Pradesh"
"330","Kirtana N.","F","Apparel",557,"Nimach","24.47 N","74.87 E","Madhya Pradesh"
"463.1","Chatura P.","F","Toys",914,"Ghazipur","25.59 N","83.59 E","Uttar Pradesh"
"94.1","Gulab R.","F","Toys",928,"Kannauj","27.06 N","79.91 E","Uttar Pradesh"
"423","Aboil T.","F","Electronics",593,"Bhiwandi","19.30 N","73.05 E","Maharashtra"
"407.1","Nityananda V.","M","Apparel",800,"Gudalur","11.76 N","79.75 E","Tamil Nadu"
"400.1","Vithala, Vitthal S.","M","Super Market",892,"Bisalpur","28.30 N","79.80 E","Uttar Pradesh"
"193.1","Sudeepa A.","F","Super Market",532,"Chhatarpur","24.92 N","79.58 E","Madhya Pradesh"
"206.1","Ashoka M.","F","Baby",807,"Karur","10.96 N","78.07 E","Tamil Nadu"
"456.2","Sudhamayi D.","F","Baby",715,"Kapurthala","31.38 N","75.38 E","Punjab"
"389","Aashish B.","M","Baby",547,"Jabalpur Cantonment","23.16 N","79.95 E","Madhya Pradesh"
"49.2","Alamgir G.","M","Apparel",796,"Dharmapuri","12.13 N","78.16 E","Tamil Nadu"
"29","Ekalinga H.","M","Baby",650,"Shegaon","20.78 N","76.68 E","Maharashtra"
"313.1","Amani L.","F","Sports",742,"Bharatpur","27.23 N","77.49 E","Rajasthan"
"39.2","Namdev N.","M","Toys",926,"Kadi","23.31 N","72.33 E","Uttar Pradesh"
"394.2","Arivunambi P.","M","Pantry",734,"Ajmer","26.45 N","74.64 E","Rajasthan"
"129.2","Agnikumara R.","M","Baby",652,"Sholapur","17.67 N","75.89 E","Maharashtra"
"312.3","Nishtha T.","F","Super Market",867,"Virudhachalam","11.51 N","79.32 E","Tamil Nadu"
"331.1","Kakali V.","F","Health",693,"Raurkela Industrial Township","","","Orissa"
"121","Toshan S.","M","Health",652,"Sholapur","17.67 N","75.89 E","Maharashtra"
"400.2","Vithala, Vitthal A.","M","Super Market",864,"Velluru","12.92 N","79.13 E","Tamil Nadu"
"356.3","Kanti M.","F","Baby",921,"Hathras","27.60 N","78.04 E","Uttar Pradesh"
"285.1","Gourishankar D.","M","Sports",557,"Nimach","24.47 N","74.87 E","Madhya Pradesh"
"41","Viral B.","M","Health",569,"Shajapur","23.43 N","76.27 E","Madhya Pradesh"
"154","Hariprasad G.","M","Super Market",595,"Bid","18.99 N","75.76 E","Maharashtra"
"250.2","Karunamay H.","M","Apparel",604,"Deolali","19.95 N","73.84 E","Maharashtra"
"466","Mythili L.","F","Electronics",607,"Diglur","18.55 N","77.60 E","Maharashtra"
"448.1","Soumya N.","F","Electronics",582,"Ambajogai","18.73 N","76.38 E","Maharashtra"
"282","Mayanka P.","M","Baby",555,"Murwara","23.85 N","80.39 E","Madhya Pradesh"
"458","Shraddha R.","F","Sports",944,"Mainpuri","27.24 N","79.02 E","Uttar Pradesh"
"302","Agrata T.","F","Baby",870,"Agartala MCl","","","Tripura"
"426.1","Suchi V.","F","Toys",921,"Hathras","27.60 N","78.04 E","Uttar Pradesh"
"376.1","Naresh S.","M","Apparel",615,"Kalyan","19.25 N","73.16 E","Maharashtra"
"194.1","Sristi A.","F","Sports",783,"Udaipur","24.58 N","73.69 E","Rajasthan"
"137.2","Kamlesh M.","M","Sports",940,"Lakhnau Cantonment","26.81 N","80.97 E","Uttar Pradesh"
"478.2","Vasumati D.","F","Baby",824,"Nagapattinam","10.80 N","79.84 E","Tamil Nadu"
"53.1","Timin B.","M","Beauty",922,"Jahangirabad","28.42 N","78.10 E","Uttar Pradesh"
"261.1","Vardhaman G.","M","Super Market",909,"Firozabad","27.15 N","78.39 E","Uttar Pradesh"
"233.1","Pingala H.","F","Super Market",977,"Shamli","29.46 N","77.31 E","Uttar Pradesh"
"223.2","Smrita L.","F","Pantry",819,"Maduravoyal","","","Tamil Nadu"
"321","Ulka N.","F","Baby",740,"Barmer","25.75 N","71.39 E","Rajasthan"
"230","Asha P.","F","Apparel",968,"Rampur","28.82 N","79.02 E","Uttar Pradesh"
"319.1","Revati R.","F","Toys",979,"Shikohabad","27.12 N","78.58 E","Uttar Pradesh"
"234","Kashmira T.","F","Health",717,"Kot Kapura","30.59 N","74.80 E","Punjab"
"271.1","Pujit V.","M","Baby",613,"Jalgaon","21.01 N","75.56 E","Maharashtra"
"207.2","Hatisha S.","F","Super Market",512,"Palakkad","10.78 N","76.65 E","Kerala"
"21.1","Sayam A.","M","Pantry",810,"Koyampattur","11.01 N","76.96 E","Tamil Nadu"
"178.1","Tariq M.","M","Sports",572,"Sidhi","24.42 N","81.88 E","Madhya Pradesh"
"36","karunakar D.","M","Electronics",752,"Didwana","27.39 N","74.57 E","Rajasthan"
"443","Heera B.","F","Pantry",814,"Kuniyamuthur","10.98 N","76.95 E","Tamil Nadu"
"127.3","Atiya G.","M","Toys",539,"Gohad","26.43 N","78.45 E","Madhya Pradesh"
"405.1","Parashar H.","M","Sports",602,"Chopda","21.25 N","75.28 E","Maharashtra"
"37.1","Shiromani L.","M","Electronics",786,"Ambur","12.80 N","78.72 E","Tamil Nadu"
"31.2","Sampat N.","M","Super Market",661,"Wadi","","","Maharashtra"
"360.1","Asgari P.","F","Baby",538,"Dhar","22.60 N","75.29 E","Madhya Pradesh"
"467.1","Markandeya R.","F","Toys",609,"Gondiya","21.47 N","80.20 E","Maharashtra"
"231.1","Seemanti T.","F","Sports",596,"Mumbai","18.96 N","72.82 E","Maharashtra"
"438","Sajala V.","F","Super Market",901,"Deoband","29.70 N","77.67 E","Uttar Pradesh"
"235.3","Ganda S.","F","Health",789,"Aruppukkottai","9.51 N","78.09 E","Tamil Nadu"
"470.1","Revati A.","F","Baby",849,"Thiruvarur","10.78 N","79.64 E","Tamil Nadu"
"129.3","Agnikumara M.","M","Electronics",779,"Sikar","27.61 N","75.13 E","Rajasthan"
"198","Kamya D.","F","Pantry",692,"Raurkela","22.24 N","84.81 E","Orissa"
"114","Kamakshi B.","F","Pantry",536,"Datia","25.67 N","78.45 E","Madhya Pradesh"
"63.1","Akshaya G.","F","Beauty",627,"Manmad","20.26 N","74.43 E","Maharashtra"
"312.4","Nishtha H.","F","Toys",908,"Fatehpur","25.93 N","80.81 E","Uttar Pradesh"
"352.3","Inayat L.","F","Beauty",653,"Shrirampur","19.63 N","74.64 E","Maharashtra"
"318","Anarghya N.","F","Toys",628,"Mira Bhayandar","19.29 N","72.85 E","Maharashtra"
"195.2","Snehal P.","F","Beauty",687,"Jharsuguda","21.87 N","84.01 E","Orissa"
"444.2","Vinoda, Vinodini R.","F","Electronics",862,"Vaniyambadi","12.69 N","78.60 E","Tamil Nadu"
"345","Manik T.","F","Toys",845,"Tenkasi","8.96 N","77.31 E","Tamil Nadu"
"90.2","Hema V.","F","Baby",683,"Brahmapur","19.32 N","84.80 E","Orissa"
"179.1","Ambarish S.","M","Toys",607,"Diglur","18.55 N","77.60 E","Maharashtra"
"266.1","Sadanand A.","M","Pantry",992,"Dehra Dun Cantonment","30.34 N","77.97 E","Uttaranchal"
"85.2","Malati M.","F","Beauty",567,"Seoni","22.10 N","79.55 E","Madhya Pradesh"
"75.1","Ihina D.","F","Sports",792,"Avaniapuram","9.86 N","78.12 E","Tamil Nadu"
"296.2","Sanket B.","M","Toys",863,"Velampalaiyam","","","Tamil Nadu"
"230.1","Asha G.","F","Toys",686,"Jaypur","18.86 N","82.56 E","Orissa"
"337.1","Suraksha H.","F","Toys",755,"Gangapur","26.47 N","76.72 E","Rajasthan"
"5.1","Saeed L.","M","Apparel",919,"Hardoi","27.42 N","80.12 E","Uttar Pradesh"
"391.3","Debashis N.","M","Sports",588,"Baramati","18.15 N","74.58 E","Maharashtra"
"398.1","Anshul P.","M","Baby",707,"Fazilka","30.41 N","74.02 E","Punjab"
"208","Chaitanya R.","F","Sports",947,"Mauranipur","25.24 N","79.13 E","Uttar Pradesh"
"473.2","Arundhati T.","F","Pantry",914,"Ghazipur","25.59 N","83.59 E","Uttar Pradesh"
"143","Prabuddha V.","M","Sports",538,"Dhar","22.60 N","75.29 E","Madhya Pradesh"
"91.1","Indumukhi S.","F","Electronics",619,"Khamgaon","20.70 N","76.56 E","Maharashtra"
"256","Kshaunish A.","M","Health",546,"Jabalpur","23.17 N","79.94 E","Madhya Pradesh"
"13.1","Niranjan M.","M","Super Market",549,"Khandwa","21.83 N","76.35 E","Madhya Pradesh"
"72","Induleksh D.","F","Toys",610,"Hinganghat","20.56 N","78.83 E","Maharashtra"
"68.1","Avani B.","F","Pantry",969,"Rath","25.58 N","79.57 E","Uttar Pradesh"
"207.3","Hatisha G.","F","Super Market",708,"Firozpur","30.92 N","74.61 E","Punjab"
"418","Bansi H.","M","Sports",569,"Shajapur","23.43 N","76.27 E","Madhya Pradesh"
"23.3","Bhajan L.","M","Baby",723,"Mohali","30.78 N","76.69 E","Punjab"
"439","Laalamani N.","F","Health",896,"Chandausi","28.46 N","78.78 E","Uttar Pradesh"
"145","Mithilesh P.","M","Super Market",745,"Bikaner","28.03 N","73.32 E","Rajasthan"
"81.2","Kimaya R.","F","Baby",995,"Haridwar","29.98 N","78.16 E","Uttaranchal"
"461.1","Rekha T.","F","Electronics",570,"Sheopur","25.67 N","76.70 E","Madhya Pradesh"
"87.1","Manimala V.","F","Baby",847,"Theni Allinagaram","10.02 N","77.48 E","Tamil Nadu"
"365.1","Balram S.","M","Toys",874,"Allahabad","25.45 N","81.84 E","Uttar Pradesh"
"22","Ekanath A.","M","Baby",960,"Nawabganj","26.94 N","81.19 E","Uttar Pradesh"
"339","Almas M.","F","Beauty",870,"Agartala MCl","","","Tripura"
"143.1","Prabuddha D.","M","Toys",689,"Kendujhar","21.63 N","85.58 E","Orissa"
"232","Dhwani B.","F","Apparel",841,"Sankarankoil","9.17 N","77.54 E","Tamil Nadu"
"122.1","Tyagraja G.","M","Health",954,"Mubarakpur","26.09 N","83.28 E","Uttar Pradesh"
"100.1","Neelanjana H.","F","Beauty",803,"Idappadi","11.58 N","77.85 E","Tamil Nadu"
"384.3","Archit L.","M","Beauty",533,"Chhindwara","22.07 N","78.94 E","Madhya Pradesh"
"474","Shaili N.","F","Electronics",856,"Tiruppur","11.09 N","77.35 E","Tamil Nadu"
"17","Nirijhar P.","M","Beauty",589,"Barsi","18.24 N","75.69 E","Maharashtra"
"105","Bhuvana R.","F","Apparel",696,"Sunabeda","18.69 N","82.86 E","Orissa"
"250.3","Karunamay T.","M","Beauty",552,"Mandsaur","24.07 N","75.07 E","Madhya Pradesh"
"239.1","Chumban V.","F","Beauty",856,"Tiruppur","11.09 N","77.35 E","Tamil Nadu"
"57.1","Nirav S.","M","Sports",673,"Kohima","25.67 N","94.11 E","Nagaland"
"460.1","Padmal A.","F","Baby",638,"Palghar","19.68 N","72.75 E","Maharashtra"
"94.2","Gulab M.","F","Toys",856,"Tiruppur","11.09 N","77.35 E","Tamil Nadu"
"352.4","Inayat D.","F","Pantry",856,"Tiruppur","11.09 N","77.35 E","Tamil Nadu"
"352.5","Inayat B.","F","Health",682,"Bhubaneswar","20.27 N","85.84 E","Orissa"
"363","Harshavardhan G.","M","Beauty",697,"Karaikal","10.93 N","79.83 E","Pondicherry"
"372","Pravar H.","M","Apparel",781,"Suratgarh","29.32 N","73.90 E","Rajasthan"
"199","Padmalaya L.","F","Health",780,"Sujangarh","27.70 N","74.46 E","Rajasthan"
"76.1","SivaSankari N.","F","Baby",674,"Wokha","26.10 N","94.27 E","Nagaland"
"222.2","Niloufer P.","F","Super Market",511,"Neyyattinkara","8.40 N","77.08 E","Kerala"
"276","Vishwambhar R.","M","Baby",732,"Sunam","30.13 N","75.80 E","Punjab"
"233.2","Pingala T.","F","Beauty",729,"Samana","30.15 N","76.20 E","Punjab"
"405.2","Parashar V.","M","Sports",622,"Kopargaon","19.88 N","74.48 E","Maharashtra"
"308.1","Alka S.","F","Sports",746,"Bundi","25.45 N","75.63 E","Rajasthan"
"95.1","Jaladhija A.","F","Super Market",538,"Dhar","22.60 N","75.29 E","Madhya Pradesh"
"244.3","Ilamporai M.","M","Pantry",997,"Pithoragarh","29.58 N","80.22 E","Uttaranchal"
"223.3","Smrita D.","F","Apparel",757,"Hindaun","26.74 N","77.02 E","Rajasthan"
"397.1","Parakram B.","M","Apparel",545,"Itarsi","22.62 N","77.76 E","Madhya Pradesh"
"190","Deepika G.","F","Super Market",784,"Alandur","13.03 N","80.23 E","Tamil Nadu"
"120","Amodini H.","F","Super Market",811,"Krishnagiri","12.54 N","78.21 E","Tamil Nadu"
"410.1","Indrakanta L.","M","Apparel",794,"Chengalpattu","12.70 N","79.97 E","Tamil Nadu"
"153.1","Sagar N.","M","Super Market",991,"Dehra Dun","30.34 N","78.05 E","Uttaranchal"
"67.1","Rupashi P.","F","Sports",761,"Jhalawar","24.60 N","76.15 E","Rajasthan"
"144.1","Baridbaran R.","M","Pantry",784,"Alandur","13.03 N","80.23 E","Tamil Nadu"
"73.2","Revati T.","F","Electronics",552,"Mandsaur","24.07 N","75.07 E","Madhya Pradesh"
"26","Mangal V.","M","Electronics",510,"Nedumangad","8.61 N","77.00 E","Kerala"
"343.2","Medha S.","F","Health",929,"Kanpur","26.47 N","80.33 E","Uttar Pradesh"
"335","Malashree A.","F","Health",611,"Hingoli","19.72 N","77.14 E","Maharashtra"
"317","Deepali M.","F","Toys",939,"Lakhnau","26.85 N","80.92 E","Uttar Pradesh"
"244.4","Ilamporai D.","M","Toys",506,"Kozhikkod","11.26 N","75.78 E","Kerala"
"462.1","Aditha B.","F","Toys",546,"Jabalpur","23.17 N","79.94 E","Madhya Pradesh"
"260","Shashank G.","M","Electronics",741,"Beawar","26.10 N","74.30 E","Rajasthan"
"381.2","Pandhari H.","M","Health",723,"Mohali","30.78 N","76.69 E","Punjab"
"43","Vishwas L.","M","Electronics",948,"Mawana","29.11 N","77.91 E","Uttar Pradesh"
"433.2","Sankul N.","F","Toys",702,"Barnala","30.39 N","75.54 E","Punjab"
"203.1","Sarita P.","F","Sports",727,"Rajpura","30.48 N","76.59 E","Punjab"
"452","Ambuda R.","F","Health",534,"Dabra","25.90 N","78.33 E","Madhya Pradesh"
"25","Rameshwar T.","M","Sports",659,"Vasai","19.36 N","72.80 E","Maharashtra"
"117.1","Indrasena V.","F","Sports",714,"Jalandhar","31.33 N","75.57 E","Punjab"
"316","Raviprabha S.","F","Health",784,"Alandur","13.03 N","80.23 E","Tamil Nadu"
"70","Ashwini A.","F","Apparel",626,"Malkapur","20.90 N","76.19 E","Maharashtra"
"466.1","Mythili M.","F","Toys",956,"Muradnagar","28.78 N","77.50 E","Uttar Pradesh"
"272.1","Pitambar D.","M","Apparel",741,"Beawar","26.10 N","74.30 E","Rajasthan"
"475","Akuti B.","F","Super Market",923,"Jalaun","26.15 N","79.35 E","Uttar Pradesh"
"416.1","Chaitanya G.","M","Apparel",896,"Chandausi","28.46 N","78.78 E","Uttar Pradesh"
"389.1","Aashish H.","M","Pantry",748,"Chomun","27.17 N","75.72 E","Rajasthan"
"273.1","Lokprakash L.","M","Toys",761,"Jhalawar","24.60 N","76.15 E","Rajasthan"
"110.2","Anjana N.","F","Electronics",680,"Bhadrak","21.06 N","86.52 E","Orissa"
"1.2","Gulab P.","M","Toys",581,"Amalner","21.05 N","75.06 E","Maharashtra"
"71.2","Pushpa R.","F","Toys",739,"Bari","26.65 N","77.60 E","Rajasthan"
"226.3","Harshini T.","F","Beauty",935,"Kiratpur","29.52 N","78.20 E","Uttar Pradesh"
"233.3","Pingala V.","F","Apparel",584,"Anjangaon","21.16 N","77.31 E","Maharashtra"
"291","Mahavir S.","M","Baby",555,"Murwara","23.85 N","80.39 E","Madhya Pradesh"
"195.3","Snehal A.","F","Electronics",733,"Tarn Taran","31.45 N","74.92 E","Punjab"
"150.1","Jaidayal M.","M","Sports",736,"Balotra","25.83 N","72.23 E","Rajasthan"
"184.1","Ishita D.","F","Apparel",914,"Ghazipur","25.59 N","83.59 E","Uttar Pradesh"
"393.3","Indushekhar B.","M","Toys",989,"Varanasi","25.32 N","83.01 E","Uttar Pradesh"
"141.1","Raza G.","M","Pantry",653,"Shrirampur","19.63 N","74.64 E","Maharashtra"
"296.3","Sanket H.","M","Toys",513,"Pallichal","","","Kerala"
"415.2","Oppilmani L.","M","Toys",728,"Rupnagar","30.98 N","76.52 E","Punjab"
"238.1","Nimisha N.","F","Pantry",846,"Thanjavur","10.79 N","79.13 E","Tamil Nadu"
"127.4","Atiya P.","M","Sports",935,"Kiratpur","29.52 N","78.20 E","Uttar Pradesh"
"112.2","Ranita R.","F","Baby",603,"Dahanu","19.97 N","72.73 E","Maharashtra"
"145.1","Mithilesh T.","M","Beauty",590,"Basmat","19.32 N","77.17 E","Maharashtra"
"243","Arvinda, Arabinda V.","M","Pantry",773,"Nokha","27.60 N","73.42 E","Rajasthan"
"268.1","Kedarnath S.","M","Toys",931,"Kasganj","27.81 N","78.63 E","Uttar Pradesh"
"348.2","Shruti A.","F","Toys",830,"Pammal","12.97 N","80.11 E","Tamil Nadu"
"6","Vaman M.","M","Super Market",775,"Rajsamand","25.07 N","73.88 E","Rajasthan"
"246.1","Sankarshan D.","M","Toys",552,"Mandsaur","24.07 N","75.07 E","Madhya Pradesh"
"154.1","Hariprasad B.","M","Pantry",983,"Sultanpur","26.26 N","82.06 E","Uttar Pradesh"
"299","Grahish G.","M","Electronics",940,"Lakhnau Cantonment","26.81 N","80.97 E","Uttar Pradesh"
"282.1","Mayanka H.","M","Toys",994,"Haldwani","29.23 N","79.52 E","Uttaranchal"
"475.1","Akuti L.","F","Electronics",781,"Suratgarh","29.32 N","73.90 E","Rajasthan"
"30.2","Savar N.","M","Electronics",959,"Najibabad","29.62 N","78.33 E","Uttar Pradesh"
"22.1","Ekanath P.","M","Baby",525,"Balaghat","21.80 N","80.18 E","Madhya Pradesh"
"258","Shadab R.","M","Toys",992,"Dehra Dun Cantonment","30.34 N","77.97 E","Uttaranchal"
"272.2","Pitambar T.","M","Electronics",507,"Kunnamkulam","10.65 N","76.08 E","Kerala"
"153.2","Sagar V.","M","Sports",726,"Phagwara","31.22 N","75.76 E","Punjab"
"396","Hemamdar S.","M","Apparel",687,"Jharsuguda","21.87 N","84.01 E","Orissa"
"49.3","Alamgir A.","M","Apparel",760,"Jalor","25.35 N","72.62 E","Rajasthan"
"118.1","Anuva M.","F","Sports",960,"Nawabganj","26.94 N","81.19 E","Uttar Pradesh"
"363.1","Harshavardhan D.","M","Super Market",652,"Sholapur","17.67 N","75.89 E","Maharashtra"
"281","Badri B.","M","Toys",705,"Dhuri","30.37 N","75.87 E","Punjab"
"319.2","Revati G.","F","Pantry",975,"Shahabad","27.65 N","79.95 E","Uttar Pradesh"
"48.2","Vilas H.","M","Sports",936,"Kosi Kalan","27.80 N","77.44 E","Uttar Pradesh"
"157.1","Yatindra L.","M","Apparel",713,"Jagraon","30.78 N","75.48 E","Punjab"
"52.1","Ahmad N.","M","Beauty",772,"Nimbahera","24.62 N","74.68 E","Rajasthan"
"388.2","Jnyandeep P.","M","Baby",766,"Kota","25.18 N","75.83 E","Rajasthan"
"185","Pushpita R.","F","Toys",817,"Madras","13.09 N","80.27 E","Tamil Nadu"
"418.1","Bansi T.","M","Apparel",528,"Bhind","26.57 N","78.77 E","Madhya Pradesh"
"389.2","Aashish V.","M","Apparel",938,"Lakhimpur","27.95 N","80.78 E","Uttar Pradesh"
"327.1","Suprabha S.","F","Health",871,"Badharghat","","","Tripura"
"259.2","Chidananda A.","M","Sports",556,"Nagda","23.46 N","75.42 E","Madhya Pradesh"
"417.1","Harjeet M.","M","Sports",561,"Rewa","24.53 N","81.29 E","Madhya Pradesh"
"240.1","Komala D.","F","Beauty",868,"Virudunagar","9.59 N","77.95 E","Tamil Nadu"
"50","Rajendramohan B.","M","Beauty",575,"Ujjain","23.19 N","75.78 E","Madhya Pradesh"
"245.1","Latif G.","M","Super Market",988,"Unnao","26.55 N","80.49 E","Uttar Pradesh"
"439.1","Laalamani H.","F","Baby",599,"Chandrapur","19.96 N","79.30 E","Maharashtra"
"273.2","Lokprakash L.","M","Pantry",709,"Firozpur Cantonment","30.95 N","74.60 E","Punjab"
"97.1","Sonam N.","F","Health",732,"Sunam","30.13 N","75.80 E","Punjab"
"226.4","Harshini P.","F","Pantry",569,"Shajapur","23.43 N","76.27 E","Madhya Pradesh"
"193.2","Sudeepa R.","F","Toys",503,"Kollam","8.89 N","76.58 E","Kerala"
"158","Manmatha T.","M","Electronics",758,"Jaipur","26.92 N","75.80 E","Rajasthan"
"136.1","Jeevan V.","M","Toys",569,"Shajapur","23.43 N","76.27 E","Madhya Pradesh"
"380.1","Shaunak S.","M","Sports",741,"Beawar","26.10 N","74.30 E","Rajasthan"
"335.1","Malashree A.","F","Sports",652,"Sholapur","17.67 N","75.89 E","Maharashtra"
"301.1","Sudipta M.","F","Apparel",898,"Chhibramau","27.15 N","79.52 E","Uttar Pradesh"
"325.1","Mukulita D.","F","Baby",625,"Malegaon","20.56 N","74.52 E","Maharashtra"
"219","Reshma B.","F","Baby",763,"Jodhpur","26.29 N","73.02 E","Rajasthan"
"76.2","SivaSankari G.","F","Pantry",546,"Jabalpur","23.17 N","79.94 E","Madhya Pradesh"
"448.2","Soumya H.","F","Health",908,"Fatehpur","25.93 N","80.81 E","Uttar Pradesh"
"364","Rasaraj L.","M","Toys",860,"Udumalaipettai","10.58 N","77.24 E","Tamil Nadu"
"386","Kuldeep N.","M","Baby",809,"Kovilpatti","9.19 N","77.86 E","Tamil Nadu"
"480","Lajja P.","F","Toys",667,"Imphal","24.79 N","93.94 E","Manipur"
"201","Alaka, Alka R.","F","Beauty",857,"Tiruvannamalai","12.24 N","79.07 E","Tamil Nadu"
"126.1","Pulish T.","M","Pantry",820,"Mannargudi","10.67 N","79.45 E","Tamil Nadu"
"243.1","Arvinda, Arabinda V.","M","Apparel",553,"Mau","22.56 N","75.75 E","Madhya Pradesh"
"74.1","Renuka S.","F","Toys",629,"Nagpur","21.16 N","79.08 E","Maharashtra"
"429","Chakrika A.","F","Health",913,"Ghaziabad","28.66 N","77.41 E","Uttar Pradesh"
"82","Shrikumari M.","F","Baby",762,"Jhunjhunun","28.13 N","75.39 E","Rajasthan"
"21.2","Sayam D.","M","Sports",873,"Aligarh","27.89 N","78.06 E","Uttar Pradesh"
"316.1","Raviprabha B.","F","Beauty",953,"Moradabad","28.84 N","78.76 E","Uttar Pradesh"
"145.2","Mithilesh G.","M","Health",515,"Ponnani","10.78 N","75.92 E","Kerala"
"447.1","Chandrakin H.","F","Apparel",872,"Agra","27.19 N","78.01 E","Uttar Pradesh"
"186.1","Ananya L.","F","Sports",851,"Tindivanam","12.24 N","79.65 E","Tamil Nadu"
"217.1","Triya N.","F","Baby",944,"Mainpuri","27.24 N","79.02 E","Uttar Pradesh"
"469","Quasar P.","F","Super Market",651,"Shirpur","21.35 N","74.88 E","Maharashtra"
"218","Hiya R.","F","Baby",504,"Kottayam","9.60 N","76.52 E","Kerala"
"416.2","Chaitanya T.","M","Electronics",636,"Navi Mumbai","19.00 N","73.10 E","Maharashtra"
"291.1","Mahavir V.","M","Sports",565,"Sehore","23.20 N","77.08 E","Madhya Pradesh"
"476.1","Dhitha S.","F","Baby",576,"Vidisha","23.53 N","77.80 E","Madhya Pradesh"
"235.4","Ganda A.","F","Apparel",775,"Rajsamand","25.07 N","73.88 E","Rajasthan"
"398.2","Anshul M.","M","Toys",886,"Bareli","28.36 N","79.41 E","Uttar Pradesh"
"10.1","Narasimha D.","M","Apparel",999,"Rudrapur","","","Uttaranchal"
"233.4","Pingala B.","F","Super Market",824,"Nagapattinam","10.80 N","79.84 E","Tamil Nadu"
"125","Shivlal G.","M","Electronics",885,"Baraut","29.10 N","77.26 E","Uttar Pradesh"
"68.2","Avani H.","F","Baby",725,"Patiala","30.32 N","76.39 E","Punjab"
"30.3","Savar L.","M","Super Market",859,"Udagamandalam","11.42 N","76.69 E","Tamil Nadu"
"377","Jagannath N.","M","Baby",533,"Chhindwara","22.07 N","78.94 E","Madhya Pradesh"
"361","Tariq P.","M","Pantry",567,"Seoni","22.10 N","79.55 E","Madhya Pradesh"
"256.1","Kshaunish R.","M","Baby",506,"Kozhikkod","11.26 N","75.78 E","Kerala"
"287","Ramkrishna T.","M","Super Market",714,"Jalandhar","31.33 N","75.57 E","Punjab"
"164.2","Mahish V.","M","Electronics",502,"Kochi","10.02 N","76.22 E","Kerala"
"325.2","Mukulita S.","F","Apparel",979,"Shikohabad","27.12 N","78.58 E","Uttar Pradesh"
"204","Tejashree A.","F","Apparel",988,"Unnao","26.55 N","80.49 E","Uttar Pradesh"
"229.1","Priti M.","F","Toys",652,"Sholapur","17.67 N","75.89 E","Maharashtra"
"311.1","Aruna D.","F","Electronics",722,"Moga","30.82 N","75.17 E","Punjab"
"174","Nagesh B.","M","Electronics",724,"Pathankot","32.27 N","75.64 E","Punjab"
"370","Suren G.","M","Beauty",857,"Tiruvannamalai","12.24 N","79.07 E","Tamil Nadu"
"316.2","Raviprabha H.","F","Baby",731,"Sirhind","30.65 N","76.38 E","Punjab"
"267","Shishirkumar L.","M","Super Market",553,"Mau","22.56 N","75.75 E","Madhya Pradesh"
"402.2","Mahabahu N.","M","Toys",724,"Pathankot","32.27 N","75.64 E","Punjab"
"142","Prasoon P.","M","Super Market",554,"Morena","26.51 N","77.99 E","Madhya Pradesh"
"30.4","Savar R.","M","Toys",582,"Ambajogai","18.73 N","76.38 E","Maharashtra"
"346","Mayura T.","F","Sports",593,"Bhiwandi","19.30 N","73.05 E","Maharashtra"
"453.4","Tanushri V.","F","Health",571,"Shivapuri","25.43 N","77.65 E","Madhya Pradesh"
"241","Ujjala S.","M","Super Market",788,"Arani","12.68 N","79.28 E","Tamil Nadu"
"21.3","Sayam A.","M","Apparel",722,"Moga","30.82 N","75.17 E","Punjab"
"187.1","Foolwati M.","F","Electronics",930,"Kanpur Cantonment","26.50 N","80.28 E","Uttar Pradesh"
"106.1","Abhaya D.","F","Super Market",810,"Koyampattur","11.01 N","76.96 E","Tamil Nadu"
"103.2","Joshita B.","F","Electronics",878,"Ayodhya","26.80 N","82.20 E","Uttar Pradesh"
"195.4","Snehal G.","F","Toys",748,"Chomun","27.17 N","75.72 E","Rajasthan"
"431.2","Pratishtha H.","F","Electronics",970,"Renukut","24.20 N","83.03 E","Uttar Pradesh"
"378","Nidhish L.","M","Pantry",530,"BinaEtawa","24.20 N","78.20 E","Madhya Pradesh"
"459.2","Manisha N.","F","Beauty",724,"Pathankot","32.27 N","75.64 E","Punjab"
"177.1","Amish P.","M","Sports",998,"Rishikesh","30.12 N","78.29 E","Uttaranchal"
"187.2","Foolwati R.","F","Beauty",858,"Tiruvottiyur","13.16 N","80.29 E","Tamil Nadu"
"331.2","Kakali T.","F","Baby",677,"Barbil","22.12 N","85.40 E","Orissa"
"254.1","Nipun V.","M","Beauty",994,"Haldwani","29.23 N","79.52 E","Uttaranchal"
"251.1","Preetish S.","M","Apparel",975,"Shahabad","27.65 N","79.95 E","Uttar Pradesh"
"430.1","Ekisha A.","F","Toys",546,"Jabalpur","23.17 N","79.94 E","Madhya Pradesh"
"155.1","Samvath M.","M","Apparel",758,"Jaipur","26.92 N","75.80 E","Rajasthan"
"155.2","Samvath D.","M","Pantry",571,"Shivapuri","25.43 N","77.65 E","Madhya Pradesh"
"50.1","Rajendramohan B.","M","Super Market",700,"Abohar","30.14 N","74.20 E","Punjab"
"263.2","Banbihari G.","M","Pantry",684,"Brajrajnagar","21.82 N","83.91 E","Orissa"
"160.1","Kishore H.","M","Sports",811,"Krishnagiri","12.54 N","78.21 E","Tamil Nadu"
"450","Suvarnarekha L.","F","Toys",738,"Baran","25.10 N","76.51 E","Rajasthan"
"472","Sneh N.","F","Health",913,"Ghaziabad","28.66 N","77.41 E","Uttar Pradesh"
"47.2","Prakash P.","M","Health",526,"Basoda","23.85 N","77.93 E","Madhya Pradesh"
"68.3","Avani R.","F","Beauty",946,"Mau","25.96 N","83.56 E","Uttar Pradesh"
"65","Banamala T.","F","Super Market",824,"Nagapattinam","10.80 N","79.84 E","Tamil Nadu"
"35.1","Suyash V.","M","Baby",959,"Najibabad","29.62 N","78.33 E","Uttar Pradesh"
"66.1","Pallavini S.","F","Pantry",656,"Udgir","18.40 N","77.11 E","Maharashtra"
"129.4","Agnikumara A.","M","Apparel",886,"Bareli","28.36 N","79.41 E","Uttar Pradesh"
"338","Suhina M.","F","Toys",612,"Ichalkaranji","16.69 N","74.46 E","Maharashtra"
"337.2","Suraksha D.","F","Baby",616,"Kamthi","21.23 N","79.20 E","Maharashtra"
"156","Premanand B.","M","Sports",916,"Gonda","27.14 N","81.95 E","Uttar Pradesh"
"460.2","Padmal G.","F","Toys",758,"Jaipur","26.92 N","75.80 E","Rajasthan"
"446.3","Madhushri H.","F","Pantry",872,"Agra","27.19 N","78.01 E","Uttar Pradesh"
"28","Prasanna L.","M","Baby",981,"Sitapur","27.57 N","80.69 E","Uttar Pradesh"
"135","Archan N.","M","Electronics",937,"Laharpur","27.72 N","80.90 E","Uttar Pradesh"
"204.1","Tejashree P.","F","Toys",870,"Agartala MCl","","","Tripura"
"38","Lokranjan R.","M","Sports",873,"Aligarh","27.89 N","78.06 E","Uttar Pradesh"
"153.3","Sagar T.","M","Apparel",569,"Shajapur","23.43 N","76.27 E","Madhya Pradesh"
"463.2","Chatura V.","F","Electronics",762,"Jhunjhunun","28.13 N","75.39 E","Rajasthan"
"158.1","Manmatha S.","M","Health",813,"Kumbakonam","10.97 N","79.38 E","Tamil Nadu"
"246.2","Sankarshan A.","M","Electronics",988,"Unnao","26.55 N","80.49 E","Uttar Pradesh"
"462.2","Aditha M.","F","Beauty",548,"Jaora","23.64 N","75.11 E","Madhya Pradesh"
"394.3","Arivunambi D.","M","Apparel",917,"Gorakhpur","26.76 N","83.36 E","Uttar Pradesh"
"168.2","Vrajakishore B.","M","Toys",970,"Renukut","24.20 N","83.03 E","Uttar Pradesh"
"377.1","Jagannath G.","M","Super Market",868,"Virudunagar","9.59 N","77.95 E","Tamil Nadu"
"199.1","Padmalaya H.","F","Toys",969,"Rath","25.58 N","79.57 E","Uttar Pradesh"
"285.2","Gourishankar L.","M","Baby",829,"Pallavaram","12.99 N","80.16 E","Tamil Nadu"
"222.3","Niloufer N.","F","Electronics",518,"Thiruvananthapuram","8.51 N","76.95 E","Kerala"
"237","Anwesha P.","F","Pantry",974,"Sandila","27.08 N","80.52 E","Uttar Pradesh"
"3.1","Salaman R.","M","Beauty",961,"Noida","28.58 N","77.33 E","Uttar Pradesh"
"47.3","Prakash T.","M","Super Market",925,"Jhansi","25.45 N","78.56 E","Uttar Pradesh"
"476.2","Dhitha V.","F","Health",529,"Bhopal","23.24 N","77.40 E","Madhya Pradesh"
"161.1","Ajinkya S.","M","Beauty",845,"Tenkasi","8.96 N","77.31 E","Tamil Nadu"
"427","Sachika A.","F","Toys",631,"Nanded","19.17 N","77.29 E","Maharashtra"
"145.3","Mithilesh M.","M","Toys",511,"Neyyattinkara","8.40 N","77.08 E","Kerala"
"303","Mohisha D.","F","Sports",761,"Jhalawar","24.60 N","76.15 E","Rajasthan"
"27.2","Tamonash B.","M","Beauty",726,"Phagwara","31.22 N","75.76 E","Punjab"
"154.2","Hariprasad G.","M","Electronics",525,"Balaghat","21.80 N","80.18 E","Madhya Pradesh"
"150.2","Jaidayal H.","M","Beauty",528,"Bhind","26.57 N","78.77 E","Madhya Pradesh"
"351","Meena L.","F","Apparel",884,"Banda","25.48 N","80.33 E","Uttar Pradesh"
"462.3","Aditha N.","F","Electronics",593,"Bhiwandi","19.30 N","73.05 E","Maharashtra"
"166.2","Bahubali P.","M","Baby",582,"Ambajogai","18.73 N","76.38 E","Maharashtra"
"381.3","Pandhari R.","M","Pantry",970,"Renukut","24.20 N","83.03 E","Uttar Pradesh"
"92.3","Surabhi T.","F","Baby",778,"Sawai Madhopur","26.03 N","76.34 E","Rajasthan"
"152","Tapasendra V.","M","Beauty",553,"Mau","22.56 N","75.75 E","Madhya Pradesh"
"19.1","Maniram S.","M","Baby",717,"Kot Kapura","30.59 N","74.80 E","Punjab"
"278.1","Mangal A.","M","Beauty",868,"Virudunagar","9.59 N","77.95 E","Tamil Nadu"
"421.2","Jalela M.","F","Pantry",979,"Shikohabad","27.12 N","78.58 E","Uttar Pradesh"
"442.1","Anchal D.","F","Toys",722,"Moga","30.82 N","75.17 E","Punjab"
"233.5","Pingala B.","F","Sports",706,"Faridkot","30.68 N","74.74 E","Punjab"
"102.1","Shalaka G.","F","Sports",541,"Gwalior","26.23 N","78.17 E","Madhya Pradesh"
"219.1","Reshma H.","F","Apparel",631,"Nanded","19.17 N","77.29 E","Maharashtra"
"279.2","Jihan L.","M","Sports",927,"Kairana","29.40 N","77.20 E","Uttar Pradesh"
"467.2","Markandeya N.","F","Electronics",592,"Bhandara","21.18 N","79.65 E","Maharashtra"
"266.2","Sadanand P.","M","Beauty",874,"Allahabad","25.45 N","81.84 E","Uttar Pradesh"
"476.3","Dhitha R.","F","Electronics",596,"Mumbai","18.96 N","72.82 E","Maharashtra"
"435","Arati T.","F","Electronics",654,"Sillod","20.30 N","75.65 E","Maharashtra"
"215.1","Manasvi V.","F","Toys",919,"Hardoi","27.42 N","80.12 E","Uttar Pradesh"
"477","Subrata S.","F","Baby",788,"Arani","12.68 N","79.28 E","Tamil Nadu"
"70.1","Ashwini A.","F","Electronics",721,"Mansa","29.98 N","75.39 E","Punjab"
"298","Rishikesh M.","M","Pantry",847,"Theni Allinagaram","10.02 N","77.48 E","Tamil Nadu"
"29.1","Ekalinga D.","M","Health",874,"Allahabad","25.45 N","81.84 E","Uttar Pradesh"
"345.1","Manik B.","F","Pantry",551,"Mandidip","23.10 N","77.52 E","Madhya Pradesh"
"237.1","Anwesha G.","F","Baby",731,"Sirhind","30.65 N","76.38 E","Punjab"
"25.1","Rameshwar H.","M","Electronics",779,"Sikar","27.61 N","75.13 E","Rajasthan"
"446.4","Madhushri L.","F","Health",845,"Tenkasi","8.96 N","77.31 E","Tamil Nadu"
"85.3","Malati N.","F","Pantry",849,"Thiruvarur","10.78 N","79.64 E","Tamil Nadu"
"190.1","Deepika P.","F","Health",850,"Thuthukkudi","8.81 N","78.14 E","Tamil Nadu"
"102.2","Shalaka R.","F","Health",911,"Ganga Ghat","26.52 N","80.45 E","Uttar Pradesh"
"242.1","Valmiki T.","M","Electronics",755,"Gangapur","26.47 N","76.72 E","Rajasthan"
"299.1","Grahish V.","M","Beauty",960,"Nawabganj","26.94 N","81.19 E","Uttar Pradesh"
"61","Vinaya S.","F","Electronics",575,"Ujjain","23.19 N","75.78 E","Madhya Pradesh"
"136.2","Jeevan A.","M","Toys",859,"Udagamandalam","11.42 N","76.69 E","Tamil Nadu"
"101.1","Shankhamala M.","F","Baby",694,"Rayagada","19.18 N","83.41 E","Orissa"
"242.2","Valmiki D.","M","Toys",585,"Aurangabad","19.89 N","75.32 E","Maharashtra"
"302.1","Agrata B.","F","Beauty",659,"Vasai","19.36 N","72.80 E","Maharashtra"
"5.2","Saeed G.","M","Baby",985,"Tilhar","27.98 N","79.73 E","Uttar Pradesh"
"269","Ehimay H.","M","Toys",920,"Hasanpur","28.72 N","78.28 E","Uttar Pradesh"
"466.2","Mythili L.","F","Electronics",606,"Digdoh","","","Maharashtra"
"32","Mahijith N.","M","Pantry",608,"Gadchiroli","20.17 N","80.00 E","Maharashtra"
"91.2","Indumukhi P.","F","Health",738,"Baran","25.10 N","76.51 E","Rajasthan"
"410.2","Indrakanta R.","M","Toys",869,"Agartala","23.84 N","91.27 E","Tripura"
"473.3","Arundhati T.","F","Super Market",726,"Phagwara","31.22 N","75.76 E","Punjab"
"94.3","Gulab V.","F","Health",851,"Tindivanam","12.24 N","79.65 E","Tamil Nadu"
"165","Harinarayan S.","M","Toys",888,"Behta Hajipur","","","Uttar Pradesh"
"172.2","Moti A.","M","Sports",682,"Bhubaneswar","20.27 N","85.84 E","Orissa"
"199.2","Padmalaya M.","F","Toys",526,"Basoda","23.85 N","77.93 E","Madhya Pradesh"
"17.1","Nirijhar D.","M","Health",753,"Fatehpur","27.99 N","74.95 E","Rajasthan"
"240.2","Komala B.","F","Health",924,"Jaunpur","25.76 N","82.69 E","Uttar Pradesh"
"286","Murali G.","M","Electronics",776,"Ratangarh","28.09 N","74.60 E","Rajasthan"
"366.1","Bahuleya H.","M","Toys",753,"Fatehpur","27.99 N","74.95 E","Rajasthan"
"263.3","Banbihari L.","M","Sports",675,"Balangir","20.71 N","83.50 E","Orissa"
"475.2","Akuti N.","F","Electronics",956,"Muradnagar","28.78 N","77.50 E","Uttar Pradesh"
"45.1","Shamindra P.","M","Sports",688,"Kataka","20.47 N","85.88 E","Orissa"
"280.2","Akshit R.","M","Apparel",797,"Dindigul","10.36 N","77.97 E","Tamil Nadu"
"417.2","Harjeet T.","M","Electronics",650,"Shegaon","20.78 N","76.68 E","Maharashtra"
"45.2","Shamindra V.","M","Apparel",952,"Modinagar","28.92 N","77.62 E","Uttar Pradesh"
"457.1","Yogini S.","F","Beauty",845,"Tenkasi","8.96 N","77.31 E","Tamil Nadu"
"172.3","Moti A.","M","Toys",965,"Pilkhuwa","28.72 N","77.65 E","Uttar Pradesh"
"216.2","Amritkala M.","F","Super Market",862,"Vaniyambadi","12.69 N","78.60 E","Tamil Nadu"
"133.1","Varij D.","M","Baby",520,"Thrissur","10.52 N","76.21 E","Kerala"
"144.2","Baridbaran B.","M","Baby",820,"Mannargudi","10.67 N","79.45 E","Tamil Nadu"
"115","Kaishori G.","F","Health",638,"Palghar","19.68 N","72.75 E","Maharashtra"
"427.1","Sachika H.","F","Super Market",592,"Bhandara","21.18 N","79.65 E","Maharashtra"
"42","Mihir L.","M","Pantry",502,"Kochi","10.02 N","76.22 E","Kerala"
"280.3","Akshit N.","M","Beauty",656,"Udgir","18.40 N","77.11 E","Maharashtra"
"138.1","Upagupta P.","M","Sports",688,"Kataka","20.47 N","85.88 E","Orissa"
"419","Saeed R.","M","Pantry",945,"Mathura","27.50 N","77.68 E","Uttar Pradesh"
"207.4","Hatisha T.","F","Sports",894,"Budaun","28.04 N","79.12 E","Uttar Pradesh"
"27.3","Tamonash V.","M","Baby",771,"Nawalgarh","27.85 N","75.27 E","Rajasthan"
"115.1","Kaishori S.","F","Toys",502,"Kochi","10.02 N","76.22 E","Kerala"
"23.4","Bhajan A.","M","Baby",663,"Wardha","20.75 N","78.60 E","Maharashtra"
"348.3","Shruti M.","F","Super Market",699,"Pondicherry","11.94 N","79.83 E","Pondicherry"
"262","Valmik D.","M","Sports",700,"Abohar","30.14 N","74.20 E","Punjab"
"43.1","Vishwas B.","M","Baby",504,"Kottayam","9.60 N","76.52 E","Kerala"
"65.1","Banamala G.","F","Baby",771,"Nawalgarh","27.85 N","75.27 E","Rajasthan"
"414","Ramkrishna H.","M","Super Market",576,"Vidisha","23.53 N","77.80 E","Madhya Pradesh"
"55.2","Vikramendra L.","M","Electronics",657,"Ulhasnagar","19.23 N","73.15 E","Maharashtra"
"419.1","Saeed N.","M","Electronics",971,"Saharanpur","29.97 N","77.54 E","Uttar Pradesh"
"429.1","Chakrika P.","F","Health",679,"Baripada","21.95 N","86.73 E","Orissa"
"475.3","Akuti R.","F","Super Market",759,"Jaisalmer","26.92 N","70.90 E","Rajasthan"
"159.2","Kailash T.","M","Apparel",779,"Sikar","27.61 N","75.13 E","Rajasthan"
"442.2","Anchal V.","F","Apparel",522,"Tiruvalla","9.39 N","76.57 E","Kerala"
"311.2","Aruna S.","F","Electronics",613,"Jalgaon","21.01 N","75.56 E","Maharashtra"
"166.3","Bahubali A.","M","Health",979,"Shikohabad","27.12 N","78.58 E","Uttar Pradesh"
"36.1","karunakar M.","M","Beauty",622,"Kopargaon","19.88 N","74.48 E","Maharashtra"
"150.3","Jaidayal D.","M","Toys",574,"Tikamgarh","24.74 N","78.83 E","Madhya Pradesh"
"6.1","Vaman B.","M","Baby",736,"Balotra","25.83 N","72.23 E","Rajasthan"
"192","Leela G.","F","Beauty",903,"Etah","27.57 N","78.64 E","Uttar Pradesh"
"333.1","Yogini H.","F","Beauty",746,"Bundi","25.45 N","75.63 E","Rajasthan"
"373.2","Manikandan L.","M","Apparel",890,"Bhadohi","25.40 N","82.56 E","Uttar Pradesh"
"259.3","Chidananda N.","M","Pantry",915,"Gola Gokarannath","28.08 N","80.47 E","Uttar Pradesh"
"198.1","Kamya P.","F","Health",769,"Makrana","27.05 N","74.72 E","Rajasthan"
"267.1","Shishirkumar R.","M","Sports",545,"Itarsi","22.62 N","77.76 E","Madhya Pradesh"
"234.1","Kashmira T.","F","Baby",812,"Kumarapalaiyam","11.44 N","77.73 E","Tamil Nadu"
"60","Bankim V.","M","Super Market",584,"Anjangaon","21.16 N","77.31 E","Maharashtra"
"104.1","Arpana S.","F","Toys",630,"Nalasopara","19.43 N","72.78 E","Maharashtra"
"342","Maya A.","F","Super Market",934,"Khurja","28.26 N","77.85 E","Uttar Pradesh"
"261.2","Vardhaman M.","M","Sports",891,"Bijnor","29.38 N","78.13 E","Uttar Pradesh"
"435.1","Arati D.","F","Super Market",789,"Aruppukkottai","9.51 N","78.09 E","Tamil Nadu"
"44.2","Ilandevan B.","M","Pantry",809,"Kovilpatti","9.19 N","77.86 E","Tamil Nadu"
"230.2","Asha G.","F","Health",598,"Chalisgaon","20.46 N","74.99 E","Maharashtra"
"364.1","Rasaraj H.","M","Toys",783,"Udaipur","24.58 N","73.69 E","Rajasthan"
"248.1","Milun L.","M","Electronics",697,"Karaikal","10.93 N","79.83 E","Pondicherry"
"201.1","Alaka, Alka N.","F","Toys",614,"Jalna","19.85 N","75.88 E","Maharashtra"
"450.1","Suvarnarekha P.","F","Beauty",910,"Gajraula","28.85 N","78.23 E","Uttar Pradesh"
"477.1","Subrata R.","F","Health",861,"Valparai","10.38 N","76.99 E","Tamil Nadu"
"148.1","Arka T.","M","Super Market",589,"Barsi","18.24 N","75.69 E","Maharashtra"
"252.3","Trigun V.","M","Super Market",756,"Hanumangarh","29.62 N","74.29 E","Rajasthan"
"251.2","Preetish S.","M","Pantry",992,"Dehra Dun Cantonment","30.34 N","77.97 E","Uttaranchal"
"309","Ushma A.","F","Sports",653,"Shrirampur","19.63 N","74.64 E","Maharashtra"
"53.2","Timin M.","M","Super Market",629,"Nagpur","21.16 N","79.08 E","Maharashtra"
"58","Sushanta D.","M","Super Market",820,"Mannargudi","10.67 N","79.45 E","Tamil Nadu"
"5.3","Saeed B.","M","Baby",958,"Nagina","29.45 N","78.43 E","Uttar Pradesh"
"294.2","Ramkumar G.","M","Baby",543,"Hoshangabad","22.75 N","77.71 E","Madhya Pradesh"
"103.3","Joshita H.","F","Apparel",539,"Gohad","26.43 N","78.45 E","Madhya Pradesh"
"404.1","Tuhinsurra L.","M","Sports",817,"Madras","13.09 N","80.27 E","Tamil Nadu"
"99.3","Shridula N.","F","Super Market",854,"Tirunelveli","8.73 N","77.69 E","Tamil Nadu"
"270.1","Vaibhav P.","M","Health",758,"Jaipur","26.92 N","75.80 E","Rajasthan"
"365.2","Balram R.","M","Baby",647,"SangliMiraj","16.86 N","74.57 E","Maharashtra"
"395","Sumantra T.","M","Apparel",553,"Mau","22.56 N","75.75 E","Madhya Pradesh"
"372.1","Pravar V.","M","Pantry",999,"Rudrapur","","","Uttaranchal"
"382","Dhipin S.","M","Health",1000,"Rurki","29.87 N","77.89 E","Uttaranchal"
"151","Lalitkishore A.","M","Sports",798,"Erode","11.35 N","77.73 E","Tamil Nadu"
"41.1","Viral M.","M","Apparel",582,"Ambajogai","18.73 N","76.38 E","Maharashtra"
"133.2","Varij D.","M","Health",863,"Velampalaiyam","","","Tamil Nadu"
"429.2","Chakrika B.","F","Beauty",615,"Kalyan","19.25 N","73.16 E","Maharashtra"
"31.3","Sampat G.","M","Electronics",956,"Muradnagar","28.78 N","77.50 E","Uttar Pradesh"
"164.3","Mahish H.","M","Pantry",895,"Bulandshahr","28.41 N","77.85 E","Uttar Pradesh"
"284","Jaigath L.","M","Apparel",611,"Hingoli","19.72 N","77.14 E","Maharashtra"
"279.3","Jihan N.","M","Pantry",548,"Jaora","23.64 N","75.11 E","Madhya Pradesh"
"250.4","Karunamay P.","M","Baby",579,"Akola","20.71 N","77.00 E","Maharashtra"
"338.1","Suhina R.","F","Pantry",560,"Ratlam","23.35 N","75.03 E","Madhya Pradesh"
"178.2","Tariq T.","M","Health",781,"Suratgarh","29.32 N","73.90 E","Rajasthan"
"288","Chakshu V.","M","Super Market",907,"Farrukhabad","27.40 N","79.57 E","Uttar Pradesh"
"324.2","Chayana S.","F","Super Market",935,"Kiratpur","29.52 N","78.20 E","Uttar Pradesh"
"401.1","Poornachandra A.","M","Super Market",577,"Achalpur","21.26 N","77.50 E","Maharashtra"
"314.3","Surya M.","F","Super Market",941,"Lalitpur","24.70 N","78.41 E","Uttar Pradesh"
"151.1","Lalitkishore D.","M","Toys",748,"Chomun","27.17 N","75.72 E","Rajasthan"
"395.1","Sumantra B.","M","Baby",776,"Ratangarh","28.09 N","74.60 E","Rajasthan"
"127.5","Atiya G.","M","Toys",546,"Jabalpur","23.17 N","79.94 E","Madhya Pradesh"
"291.2","Mahavir H.","M","Electronics",998,"Rishikesh","30.12 N","78.29 E","Uttaranchal"
"431.3","Pratishtha L.","F","Apparel",726,"Phagwara","31.22 N","75.76 E","Punjab"
"419.2","Saeed N.","M","Super Market",686,"Jaypur","18.86 N","82.56 E","Orissa"
"175.3","Vikramaditya P.","M","Apparel",545,"Itarsi","22.62 N","77.76 E","Madhya Pradesh"
"331.3","Kakali R.","F","Electronics",857,"Tiruvannamalai","12.24 N","79.07 E","Tamil Nadu"
"180.2","Basavaraj T.","M","Health",990,"Vrindavan","27.58 N","77.70 E","Uttar Pradesh"
"300.1","Amitrasudan V.","M","Sports",596,"Mumbai","18.96 N","72.82 E","Maharashtra"
"246.3","Sankarshan S.","M","Apparel",934,"Khurja","28.26 N","77.85 E","Uttar Pradesh"
"344.1","Anasuya A.","F","Toys",917,"Gorakhpur","26.76 N","83.36 E","Uttar Pradesh"
"195.5","Snehal M.","F","Baby",961,"Noida","28.58 N","77.33 E","Uttar Pradesh"
"405.3","Parashar D.","M","Baby",502,"Kochi","10.02 N","76.22 E","Kerala"
"285.3","Gourishankar B.","M","Electronics",762,"Jhunjhunun","28.13 N","75.39 E","Rajasthan"
"25.2","Rameshwar G.","M","Baby",934,"Khurja","28.26 N","77.85 E","Uttar Pradesh"
"330.1","Kirtana H.","F","Baby",864,"Velluru","12.92 N","79.13 E","Tamil Nadu"
"283.2","Jatya L.","M","Electronics",689,"Kendujhar","21.63 N","85.58 E","Orissa"
"96.2","Hradha N.","F","Sports",818,"Madurai","9.92 N","78.12 E","Tamil Nadu"
"69","Falguni P.","F","Super Market",584,"Anjangaon","21.16 N","77.31 E","Maharashtra"
"424","Anuprabha R.","F","Sports",759,"Jaisalmer","26.92 N","70.90 E","Rajasthan"
"146.2","Dharmanand T.","M","Pantry",871,"Badharghat","","","Tripura"
"249.1","Sagar V.","M","Health",753,"Fatehpur","27.99 N","74.95 E","Rajasthan"
"312.5","Nishtha S.","F","Toys",517,"Thalassery","11.75 N","75.49 E","Kerala"
"246.4","Sankarshan A.","M","Beauty",515,"Ponnani","10.78 N","75.92 E","Kerala"
"9","Ambuj M.","M","Pantry",893,"Biswan","27.50 N","81.00 E","Uttar Pradesh"
"405.4","Parashar D.","M","Apparel",813,"Kumbakonam","10.97 N","79.38 E","Tamil Nadu"
"56.2","Chiman B.","M","Electronics",609,"Gondiya","21.47 N","80.20 E","Maharashtra"
"419.3","Saeed G.","M","Health",800,"Gudalur","11.76 N","79.75 E","Tamil Nadu"
"331.4","Kakali H.","F","Pantry",988,"Unnao","26.55 N","80.49 E","Uttar Pradesh"
"343.3","Medha L.","F","Pantry",709,"Firozpur Cantonment","30.95 N","74.60 E","Punjab"
"264.2","Kriday N.","M","Beauty",596,"Mumbai","18.96 N","72.82 E","Maharashtra"
"174.1","Nagesh P.","M","Baby",823,"Mettur","11.80 N","77.80 E","Tamil Nadu"
"249.2","Sagar R.","M","Baby",914,"Ghazipur","25.59 N","83.59 E","Uttar Pradesh"
"359.2","Surama T.","F","Super Market",805,"Kambam","9.74 N","77.28 E","Tamil Nadu"
"37.2","Shiromani V.","M","Sports",963,"Orai","25.99 N","79.45 E","Uttar Pradesh"
"334.1","Prita S.","F","Super Market",832,"Paramakkudi","9.54 N","78.59 E","Tamil Nadu"
"35.2","Suyash A.","M","Beauty",830,"Pammal","12.97 N","80.11 E","Tamil Nadu"
"187.3","Foolwati M.","F","Health",947,"Mauranipur","25.24 N","79.13 E","Uttar Pradesh"
"337.3","Suraksha D.","F","Super Market",807,"Karur","10.96 N","78.07 E","Tamil Nadu"
"58.1","Sushanta B.","M","Apparel",916,"Gonda","27.14 N","81.95 E","Uttar Pradesh"
"301.2","Sudipta G.","F","Beauty",655,"Thana","19.20 N","72.97 E","Maharashtra"
"450.2","Suvarnarekha H.","F","Health",753,"Fatehpur","27.99 N","74.95 E","Rajasthan"
"68.4","Avani L.","F","Baby",748,"Chomun","27.17 N","75.72 E","Rajasthan"
"397.2","Parakram N.","M","Baby",638,"Palghar","19.68 N","72.75 E","Maharashtra"
"4.1","Ranjan P.","M","Super Market",976,"Shahjahanpur","27.88 N","79.90 E","Uttar Pradesh"
"56.3","Chiman R.","M","Electronics",932,"Khatauli","29.28 N","77.72 E","Uttar Pradesh"
"285.4","Gourishankar T.","M","Apparel",712,"Hoshiarpur","31.53 N","75.91 E","Punjab"
"373.3","Manikandan V.","M","Electronics",612,"Ichalkaranji","16.69 N","74.46 E","Maharashtra"
"150.4","Jaidayal S.","M","Super Market",920,"Hasanpur","28.72 N","78.28 E","Uttar Pradesh"
"227","Kiya A.","F","Beauty",750,"Daosa","26.88 N","76.33 E","Rajasthan"
"22.2","Ekanath M.","M","Electronics",939,"Lakhnau","26.85 N","80.92 E","Uttar Pradesh"
"158.2","Manmatha D.","M","Apparel",664,"Warud","21.47 N","78.27 E","Maharashtra"
"301.3","Sudipta B.","F","Sports",677,"Barbil","22.12 N","85.40 E","Orissa"
"25.3","Rameshwar G.","M","Electronics",863,"Velampalaiyam","","","Tamil Nadu"
"325.3","Mukulita H.","F","Health",707,"Fazilka","30.41 N","74.02 E","Punjab"
"472.1","Sneh L.","F","Electronics",618,"Khadki","18.57 N","73.83 E","Maharashtra"
"196.3","Rajshri N.","F","Super Market",547,"Jabalpur Cantonment","23.16 N","79.95 E","Madhya Pradesh"
"410.3","Indrakanta P.","M","Super Market",658,"Uran Islampur","17.05 N","74.27 E","Maharashtra"
"232.1","Dhwani R.","F","Sports",924,"Jaunpur","25.76 N","82.69 E","Uttar Pradesh"
"385.1","Prakat T.","M","Health",970,"Renukut","24.20 N","83.03 E","Uttar Pradesh"
"165.1","Harinarayan V.","M","Pantry",551,"Mandidip","23.10 N","77.52 E","Madhya Pradesh"
"61.1","Vinaya S.","F","Toys",596,"Mumbai","18.96 N","72.82 E","Maharashtra"
"353.1","Gauri A.","F","Apparel",597,"Buldana","20.54 N","76.18 E","Maharashtra"
"48.3","Vilas M.","M","Health",919,"Hardoi","27.42 N","80.12 E","Uttar Pradesh"
"261.3","Vardhaman D.","M","Baby",716,"Khanna","30.71 N","76.21 E","Punjab"
"105.1","Bhuvana B.","F","Super Market",909,"Firozabad","27.15 N","78.39 E","Uttar Pradesh"
"168.3","Vrajakishore G.","M","Pantry",816,"Madhavaram","13.02 N","80.26 E","Tamil Nadu"
"421.3","Jalela H.","F","Pantry",921,"Hathras","27.60 N","78.04 E","Uttar Pradesh"
"276.1","Vishwambhar L.","M","Pantry",740,"Barmer","25.75 N","71.39 E","Rajasthan"
"409.1","Birbal N.","M","Apparel",931,"Kasganj","27.81 N","78.63 E","Uttar Pradesh"
"45.3","Shamindra P.","M","Beauty",760,"Jalor","25.35 N","72.62 E","Rajasthan"
"30.5","Savar R.","M","Super Market",911,"Ganga Ghat","26.52 N","80.45 E","Uttar Pradesh"
"213","Rudrani T.","F","Health",595,"Bid","18.99 N","75.76 E","Maharashtra"
"195.6","Snehal V.","F","Super Market",838,"Rajapalaiyam","9.46 N","77.55 E","Tamil Nadu"
"302.2","Agrata S.","F","Baby",549,"Khandwa","21.83 N","76.35 E","Madhya Pradesh"
"152.1","Tapasendra A.","M","Sports",733,"Tarn Taran","31.45 N","74.92 E","Punjab"
"251.3","Preetish M.","M","Super Market",831,"Pannuratti","11.78 N","79.55 E","Tamil Nadu"
"199.3","Padmalaya D.","F","Beauty",889,"Bela","25.92 N","81.99 E","Uttar Pradesh"
"227.1","Kiya B.","F","Toys",809,"Kovilpatti","9.19 N","77.86 E","Tamil Nadu"
"73.3","Revati G.","F","Pantry",967,"Ramgarh Nagla Kothi","","","Uttar Pradesh"
"295","Fanindra H.","M","Health",924,"Jaunpur","25.76 N","82.69 E","Uttar Pradesh"
"292","Ulagan L.","M","Health",739,"Bari","26.65 N","77.60 E","Rajasthan"
"333.2","Yogini N.","F","Toys",653,"Shrirampur","19.63 N","74.64 E","Maharashtra"
"471.2","Saphala P.","F","Beauty",812,"Kumarapalaiyam","11.44 N","77.73 E","Tamil Nadu"
"250.5","Karunamay R.","M","Toys",590,"Basmat","19.32 N","77.17 E","Maharashtra"
"160.2","Kishore T.","M","Health",941,"Lalitpur","24.70 N","78.41 E","Uttar Pradesh"
